category,timestamp,digest_short,year,size_kb,filename
NEWS,20191205132719,2K2XSSIPHQZP,2019,216.4033203125,NEWS_20191205132719_2K2XSSIPHQZP.html
NEWS,20191206001703,JMXSCL4GAG25,2019,214.3466796875,NEWS_20191206001703_JMXSCL4GAG25.html
NEWS,20191206215235,SMZOKVQJGUSC,2019,215.099609375,NEWS_20191206215235_SMZOKVQJGUSC.html
NEWS,20191206215347,W2ASW7DA3AEW,2019,215.4296875,NEWS_20191206215347_W2ASW7DA3AEW.html
NEWS,20191206215613,RPFBTEGYAYDM,2019,220.3876953125,NEWS_20191206215613_RPFBTEGYAYDM.html
NEWS,20191213043349,7ZHAOSHSXT53,2019,216.69921875,NEWS_20191213043349_7ZHAOSHSXT53.html
NEWS,20191213043356,ULL4AG26YCAN,2019,219.3984375,NEWS_20191213043356_ULL4AG26YCAN.html
NEWS,20191213043401,5I3MGCP2PKEC,2019,218.0302734375,NEWS_20191213043401_5I3MGCP2PKEC.html
NEWS,20191213043409,EVXZYRTTOHIQ,2019,216.0703125,NEWS_20191213043409_EVXZYRTTOHIQ.html
NEWS,20191213104753,4NZ6OQXH6GH3,2019,221.205078125,NEWS_20191213104753_4NZ6OQXH6GH3.html
NEWS,20191219063804,QO3COLDEWF4L,2019,237.423828125,NEWS_20191219063804_QO3COLDEWF4L.html
NEWS,20191226181922,FCSTAQV7Z5MR,2019,237.513671875,NEWS_20191226181922_FCSTAQV7Z5MR.html
NEWS,20191226181941,2IPTHLUEL45H,2019,240.974609375,NEWS_20191226181941_2IPTHLUEL45H.html
NEWS,20191226182022,Q2VK6STQGDZ4,2019,249.2587890625,NEWS_20191226182022_Q2VK6STQGDZ4.html
NEWS,20191226222454,6TMCL7MPP6ID,2019,244.3466796875,NEWS_20191226222454_6TMCL7MPP6ID.html
NEWS,20200101131619,SE6ABKZH7WOL,2020,151.697265625,NEWS_20200101131619_SE6ABKZH7WOL.html
NEWS,20200117002255,SHPRI254AOIO,2020,241.9169921875,NEWS_20200117002255_SHPRI254AOIO.html
NEWS,20200117004410,NVAZQRSYILLU,2020,244.388671875,NEWS_20200117004410_NVAZQRSYILLU.html
NEWS,20200126040315,453YYCJPYEAD,2020,246.404296875,NEWS_20200126040315_453YYCJPYEAD.html
NEWS,20200225044709,5UEPZBNPILGG,2020,223.0947265625,NEWS_20200225044709_5UEPZBNPILGG.html
NEWS,20200312133240,5AI7GLBXJC63,2020,246.435546875,NEWS_20200312133240_5AI7GLBXJC63.html
NEWS,20200324131237,LPYGAJUMALSQ,2020,246.0068359375,NEWS_20200324131237_LPYGAJUMALSQ.html
NEWS,20200414190317,4T5Y3UMZCH5U,2020,250.3095703125,NEWS_20200414190317_4T5Y3UMZCH5U.html
NEWS,20200416162100,BVH5KB2J6TBD,2020,256.1201171875,NEWS_20200416162100_BVH5KB2J6TBD.html
NEWS,20200422074418,WGNJSU2JJ7UY,2020,256.369140625,NEWS_20200422074418_WGNJSU2JJ7UY.html
NEWS,20200428125804,YB7AXFGUDWQQ,2020,248.9326171875,NEWS_20200428125804_YB7AXFGUDWQQ.html
NEWS,20200528133407,TN5M2NOMPSSW,2020,249.42578125,NEWS_20200528133407_TN5M2NOMPSSW.html
NEWS,20200601135555,F3VY2LIH4WZB,2020,249.7578125,NEWS_20200601135555_F3VY2LIH4WZB.html
NEWS,20200601232249,HTNDIEATM6BO,2020,256.59375,NEWS_20200601232249_HTNDIEATM6BO.html
NEWS,20200603212557,INFGNATQAGH2,2020,243.833984375,NEWS_20200603212557_INFGNATQAGH2.html
NEWS,20200605041808,TNZPNXHTSQWN,2020,257.7900390625,NEWS_20200605041808_TNZPNXHTSQWN.html
NEWS,20200613053821,F6JHEKR3U3CL,2020,251.029296875,NEWS_20200613053821_F6JHEKR3U3CL.html
NEWS,20200618090012,XDB23VZ6O3K7,2020,254.947265625,NEWS_20200618090012_XDB23VZ6O3K7.html
NEWS,20200624053215,V2YLF4ZWPYMZ,2020,259.0166015625,NEWS_20200624053215_V2YLF4ZWPYMZ.html
NEWS,20200630224924,QA5X4ZZXMKDM,2020,255.7841796875,NEWS_20200630224924_QA5X4ZZXMKDM.html
NEWS,20200712224715,HAPRKD7YBN7Z,2020,280.9140625,NEWS_20200712224715_HAPRKD7YBN7Z.html
NEWS,20200802071708,FCKYLLMQEZXD,2020,283.478515625,NEWS_20200802071708_FCKYLLMQEZXD.html
NEWS,20200812084557,YGHTV3QGNPIF,2020,271.2138671875,NEWS_20200812084557_YGHTV3QGNPIF.html
NEWS,20200812211721,GCDBQ44FNPY2,2020,287.4169921875,NEWS_20200812211721_GCDBQ44FNPY2.html
NEWS,20200820170231,T5NZBJTEYYPN,2020,282.9482421875,NEWS_20200820170231_T5NZBJTEYYPN.html
NEWS,20200903082206,KSDO35CJHNJ2,2020,285.86328125,NEWS_20200903082206_KSDO35CJHNJ2.html
NEWS,20200906225619,WJKNIDFGNO4F,2020,276.1533203125,NEWS_20200906225619_WJKNIDFGNO4F.html
NEWS,20200910203714,PA2KP5ZMSP2Q,2020,285.21875,NEWS_20200910203714_PA2KP5ZMSP2Q.html
NEWS,20200918175341,W5IUD3XDLMFL,2020,304.783203125,NEWS_20200918175341_W5IUD3XDLMFL.html
NEWS,20200923041706,W36K6OX6ILSM,2020,291.2900390625,NEWS_20200923041706_W36K6OX6ILSM.html
NEWS,20200928202958,M3A2UP7M227Z,2020,284.0439453125,NEWS_20200928202958_M3A2UP7M227Z.html
NEWS,20201029174602,GN2QCZQJZRUO,2020,290.240234375,NEWS_20201029174602_GN2QCZQJZRUO.html
NEWS,20201031184513,KZ7B6TJUWTYR,2020,317.6689453125,NEWS_20201031184513_KZ7B6TJUWTYR.html
NEWS,20201101111243,NTYRZOUK6SWI,2020,307.3984375,NEWS_20201101111243_NTYRZOUK6SWI.html
NEWS,20201102154214,CYT7W3CPUXSR,2020,290.3076171875,NEWS_20201102154214_CYT7W3CPUXSR.html
NEWS,20201103144221,VGYSIQTM7Q2S,2020,305.0224609375,NEWS_20201103144221_VGYSIQTM7Q2S.html
NEWS,20201117154552,PO7UDRUEB7VV,2020,307.6376953125,NEWS_20201117154552_PO7UDRUEB7VV.html
NEWS,20201215131004,77XF6DFNGVAJ,2020,337.2822265625,NEWS_20201215131004_77XF6DFNGVAJ.html
NEWS,20201229140107,DWAG5R6FF4PO,2020,338.556640625,NEWS_20201229140107_DWAG5R6FF4PO.html
NEWS,20210113144123,CVRVANJZIQTE,2021,329.1123046875,NEWS_20210113144123_CVRVANJZIQTE.html
NEWS,20210113220711,HESPHRNZCCVL,2021,226.390625,NEWS_20210113220711_HESPHRNZCCVL.html
NEWS,20210208170956,IUOYGLCCGWJG,2021,330.931640625,NEWS_20210208170956_IUOYGLCCGWJG.html
NEWS,20210218151112,G4PIUHMCP6J3,2021,332.783203125,NEWS_20210218151112_G4PIUHMCP6J3.html
NEWS,20210331063632,2754PTRWHSGJ,2021,552.9150390625,NEWS_20210331063632_2754PTRWHSGJ.html
NEWS,20210507191110,PVVGVLV3KALH,2021,545.8828125,NEWS_20210507191110_PVVGVLV3KALH.html
NEWS,20210518190509,5SRZWIJOQMRJ,2021,544.396484375,NEWS_20210518190509_5SRZWIJOQMRJ.html
NEWS,20210616145404,3GH3GXUZI6VR,2021,564.095703125,NEWS_20210616145404_3GH3GXUZI6VR.html
NEWS,20210717015934,IZSQXHL4QS64,2021,545.7001953125,NEWS_20210717015934_IZSQXHL4QS64.html
NEWS,20210812122213,EOIHKAMBP4MJ,2021,668.52734375,NEWS_20210812122213_EOIHKAMBP4MJ.html
NEWS,20210901152155,2MDSKK5O2E7Z,2021,684.5107421875,NEWS_20210901152155_2MDSKK5O2E7Z.html
NEWS,20210901191807,YG7SUI3PT6HG,2021,682.150390625,NEWS_20210901191807_YG7SUI3PT6HG.html
NEWS,20210909033515,35AXJA25VXOS,2021,702.7119140625,NEWS_20210909033515_35AXJA25VXOS.html
NEWS,20210930170628,MS4NBPQ6TVZS,2021,702.908203125,NEWS_20210930170628_MS4NBPQ6TVZS.html
NEWS,20211006180309,QQB3LHYHOVYN,2021,697.916015625,NEWS_20211006180309_QQB3LHYHOVYN.html
NEWS,20211013164123,FLFSXQYGM5LP,2021,701.0888671875,NEWS_20211013164123_FLFSXQYGM5LP.html
NEWS,20211019173837,PSF5TTRTKZ5N,2021,700.1650390625,NEWS_20211019173837_PSF5TTRTKZ5N.html
NEWS,20211118180247,F2GSXEMU35S6,2021,698.5908203125,NEWS_20211118180247_F2GSXEMU35S6.html
NEWS,20211202143730,23KA5CAA3XH7,2021,702.9638671875,NEWS_20211202143730_23KA5CAA3XH7.html
NEWS,20220413133100,ZEYJOG6MO77D,2022,760.900390625,NEWS_20220413133100_ZEYJOG6MO77D.html
NEWS,20220617155011,PPXW45KIR3C5,2022,775.2353515625,NEWS_20220617155011_PPXW45KIR3C5.html
NEWS,20220715155244,E2VQIK6S5YTN,2022,800.5400390625,NEWS_20220715155244_E2VQIK6S5YTN.html
NEWS,20220921120223,WZWHKDOZHZKQ,2022,823.5263671875,NEWS_20220921120223_WZWHKDOZHZKQ.html
NEWS,20221017140855,KJMZWZUDRIBA,2022,844.70703125,NEWS_20221017140855_KJMZWZUDRIBA.html
NEWS,20221025015158,NUSVXRRTYV7V,2022,845.3583984375,NEWS_20221025015158_NUSVXRRTYV7V.html
NEWS,20221117111855,JYPDV5VCDZT2,2022,847.9384765625,NEWS_20221117111855_JYPDV5VCDZT2.html
NEWS,20221213050616,5ZGRSR6V2Q7Q,2022,868.0146484375,NEWS_20221213050616_5ZGRSR6V2Q7Q.html
NEWS,20221230175232,H2FG4RHVZ27F,2022,862.7001953125,NEWS_20221230175232_H2FG4RHVZ27F.html
NEWS,20230308175522,YWPCNCVNEXJR,2023,905.9658203125,NEWS_20230308175522_YWPCNCVNEXJR.html
NEWS,20230311000442,RWWLWDJOKKGX,2023,892.2646484375,NEWS_20230311000442_RWWLWDJOKKGX.html
NEWS,20230313135810,CPTCA4RC64KH,2023,893.576171875,NEWS_20230313135810_CPTCA4RC64KH.html
NEWS,20230314132629,SP3QVPA2DJ7Z,2023,887.1923828125,NEWS_20230314132629_SP3QVPA2DJ7Z.html
NEWS,20230321142136,AKNXT2KVMCSH,2023,895.6240234375,NEWS_20230321142136_AKNXT2KVMCSH.html
NEWS,20230329100805,R67SEPV2VMHG,2023,811.025390625,NEWS_20230329100805_R67SEPV2VMHG.html
NEWS,20230331001021,7CDFNKIU4Y2X,2023,917.91796875,NEWS_20230331001021_7CDFNKIU4Y2X.html
NEWS,20230402024509,GQDHTN5TXIC3,2023,905.7548828125,NEWS_20230402024509_GQDHTN5TXIC3.html
NEWS,20230402032002,5NSIRJUL76ZD,2023,925.390625,NEWS_20230402032002_5NSIRJUL76ZD.html
NEWS,20230425095817,3ZZSGXPR2CVV,2023,905.5048828125,NEWS_20230425095817_3ZZSGXPR2CVV.html
NEWS,20230610003524,RBSOHVZC4TV4,2023,935.208984375,NEWS_20230610003524_RBSOHVZC4TV4.html
NEWS,20230629130634,4F3NHEGJWG3U,2023,943.720703125,NEWS_20230629130634_4F3NHEGJWG3U.html
NEWS,20231027155832,C34ATLLS6HII,2023,1006.119140625,NEWS_20231027155832_C34ATLLS6HII.html
NEWS,20231108002720,C7X5EDO2QQX6,2023,1009.224609375,NEWS_20231108002720_C7X5EDO2QQX6.html
NEWS,20231219190136,AAK3G3W3N3AO,2023,1076.3203125,NEWS_20231219190136_AAK3G3W3N3AO.html
NEWS,20240118150802,REEHLPW455KE,2024,1059.88671875,NEWS_20240118150802_REEHLPW455KE.html
NEWS,20240318162213,DF6E7B6YKCTJ,2024,1121.60546875,NEWS_20240318162213_DF6E7B6YKCTJ.html
NEWS,20240325132052,EK7MEPLWBTHC,2024,1123.2392578125,NEWS_20240325132052_EK7MEPLWBTHC.html
NEWS,20240424212642,AC4KBG63F7NE,2024,1127.8193359375,NEWS_20240424212642_AC4KBG63F7NE.html
NEWS,20240508103013,ISK5Z5EHBC6V,2024,1132.64453125,NEWS_20240508103013_ISK5Z5EHBC6V.html
NEWS,20240621010533,XUBXLBDEB24Y,2024,1149.900390625,NEWS_20240621010533_XUBXLBDEB24Y.html
NEWS,20240625055553,UUI75RHQSVLQ,2024,1024.0,NEWS_20240625055553_UUI75RHQSVLQ.html
NEWS,20240626134025,PE4G2N7HOTFD,2024,1062.4833984375,NEWS_20240626134025_PE4G2N7HOTFD.html
NEWS,20240819024914,F5FFBKES7CCJ,2024,1298.837890625,NEWS_20240819024914_F5FFBKES7CCJ.html
NEWS,20240904210152,346M2O5XH6DD,2024,1313.5361328125,NEWS_20240904210152_346M2O5XH6DD.html
NEWS,20240905163142,ZXCZHFCMLKVU,2024,1316.5859375,NEWS_20240905163142_ZXCZHFCMLKVU.html
NEWS,20240909211526,PWPI2ZNGFWZD,2024,1137.3369140625,NEWS_20240909211526_PWPI2ZNGFWZD.html
NEWS,20241007134035,273MHC7IAB4I,2024,1024.0,NEWS_20241007134035_273MHC7IAB4I.html
NEWS,20241007142332,J2JB3FKKAXYH,2024,1024.0,NEWS_20241007142332_J2JB3FKKAXYH.html
NEWS,20241007143654,NL7NVAQTCJ6W,2024,1024.0,NEWS_20241007143654_NL7NVAQTCJ6W.html
NEWS,20241104171504,NWIPS2JGEPKD,2024,1024.0,NEWS_20241104171504_NWIPS2JGEPKD.html
NEWS,20241206011959,RHKDDNDCV7VK,2024,1024.0,NEWS_20241206011959_RHKDDNDCV7VK.html
NEWS,20241206015717,44T7NGJ6INHF,2024,1024.0,NEWS_20241206015717_44T7NGJ6INHF.html
NEWS,20241221013227,XFNHMXCLLY6D,2024,1411.4365234375,NEWS_20241221013227_XFNHMXCLLY6D.html
NEWS,20250130215145,GP6JJG6WD7SO,2025,1412.3896484375,NEWS_20250130215145_GP6JJG6WD7SO.html
NEWS,20250215034828,GPOVP2VMEPJT,2025,1416.57421875,NEWS_20250215034828_GPOVP2VMEPJT.html
NEWS,20250219162820,CD2IHX7TTNJM,2025,1421.396484375,NEWS_20250219162820_CD2IHX7TTNJM.html
NEWS,20250313094849,NGMQEYGXWPUE,2025,112.515625,NEWS_20250313094849_NGMQEYGXWPUE.html
NEWS,20250517020900,CVGSGN2EZYOJ,2025,105.3291015625,NEWS_20250517020900_CVGSGN2EZYOJ.html
NEWS,20250717130528,NSF525ITGWZT,2025,105.5087890625,NEWS_20250717130528_NSF525ITGWZT.html
NEWS,20250719213357,Z7GGJUEP7MGD,2025,88.2939453125,NEWS_20250719213357_Z7GGJUEP7MGD.html
NEWS,20250720035641,Z57U5ZUCDGTB,2025,113.1142578125,NEWS_20250720035641_Z57U5ZUCDGTB.html
NEWS,20250728235424,XT3GL72LJL2Z,2025,88.1162109375,NEWS_20250728235424_XT3GL72LJL2Z.html
NEWS,20250730121415,MVAWWPQBIOH5,2025,99.2978515625,NEWS_20250730121415_MVAWWPQBIOH5.html
NEWS,20250806080052,26Q3VVKDMOZQ,2025,98.6044921875,NEWS_20250806080052_26Q3VVKDMOZQ.html
NEWS,20250806085249,YD3UW6WNQA7S,2025,99.4755859375,NEWS_20250806085249_YD3UW6WNQA7S.html
NEWS,20250806092436,ZXVDE2DMJMO7,2025,89.966796875,NEWS_20250806092436_ZXVDE2DMJMO7.html
NEWS,20250807000832,Q4ADS4HAKNMI,2025,85.912109375,NEWS_20250807000832_Q4ADS4HAKNMI.html
NEWS,20250814180443,PLDGHNN3TF77,2025,87.490234375,NEWS_20250814180443_PLDGHNN3TF77.html
