category,filename,length,ascii_ratio,alpha_ratio,weird_runs,keyword_hits
CCC,CCC_20240417190716_SC3ZWODKJOMZ.md,5228,0.9996174445294568,0.9978959449120123,0,8
CCC,CCC_20240417230402_TCOHRYCDQMZ2.md,5228,0.9996174445294568,0.9978959449120123,0,8
CCC,CCC_20250421162554_FD7HNNNGKDBI.md,2229,0.9986541049798116,0.9816061013907582,0,6
CCC,CCC_20250427205010_WMZGRUTB34NU.md,2229,0.9986541049798116,0.9816061013907582,0,6
CCC,CCC_20250515153247_HHOSQIRQL4TG.md,2205,0.998639455782313,0.98140589569161,0,6
CCC,CCC_20250908003015_4WPALDCVCRVH.md,966,1.0,0.9668737060041408,0,4
CCC,CCC_20250909221722_RN6U2T7BOPXW.md,2205,0.998639455782313,0.98140589569161,0,6
CCC,CCC_20251112172152_JHOMMDMH3GLP.md,2205,0.998639455782313,0.98140589569161,0,6
CCC,CCC_20251112194848_KZ2GDGX572RH.md,2205,0.998639455782313,0.98140589569161,0,6
CCC,CCC_20251217101512_BKLC4BMBGCXN.md,966,1.0,0.9668737060041408,0,4
CG,CG_20200130201604_ENYGRABX3K37.md,22689,0.9992948124641897,0.9890695931949403,0,7
CG,CG_20200201013134_QEQZ3KDK3HVU.md,22689,0.9992948124641897,0.9890695931949403,0,7
CG,CG_20200203235056_3EAPUK3AIJGX.md,22716,0.9992956506427187,0.9890825849621412,0,7
CG,CG_20200211044041_LDYOADL7N4CU.md,22716,0.9992956506427187,0.9890825849621412,0,7
CG,CG_20200220105126_TRO2MMRGVXFC.md,22822,0.9993427394619228,0.9903601787748664,0,7
CG,CG_20200229084125_D66ZKUM7AMMM.md,22822,0.9993427394619228,0.9903601787748664,0,7
CG,CG_20200301100359_PLMS6HK2R3WI.md,22822,0.9993427394619228,0.9903601787748664,0,7
CG,CG_20200305053501_5NCHIY6YRE6U.md,22822,0.9993427394619228,0.9903601787748664,0,7
CG,CG_20200307192028_5KBK7O26EQHD.md,22822,0.9993427394619228,0.9903601787748664,0,7
CG,CG_20200316101450_X5TNRXGEP6EG.md,22822,0.9993427394619228,0.9903601787748664,0,7
CG,CG_20200326045922_KQRLTSEPCOF5.md,22822,0.9993427394619228,0.9903601787748664,0,7
CG,CG_20200402060242_WQPFFYV2Z5P3.md,22822,0.9993427394619228,0.9903601787748664,0,7
CG,CG_20200418094620_4F352GBYUATW.md,22822,0.9993427394619228,0.9903601787748664,0,7
CG,CG_20200424040521_IRWZ2XXJU6EG.md,22822,0.9993427394619228,0.9903601787748664,0,7
CG,CG_20200425132858_4LWGGX34VEO3.md,22822,0.9993427394619228,0.9903601787748664,0,7
CG,CG_20200429052121_EWUCHM7IYHCE.md,22822,0.9993427394619228,0.9903601787748664,0,7
CG,CG_20200501071910_GICCSACVXLAG.md,22822,0.9993427394619228,0.9903601787748664,0,7
CG,CG_20200508112004_3HXRFDWIMG7I.md,22822,0.9993427394619228,0.9903601787748664,0,7
CG,CG_20200513170307_4DCGUDN3FINC.md,22822,0.9993427394619228,0.9903601787748664,0,7
CG,CG_20200523055246_CNVUIRLLNGT3.md,22822,0.9993427394619228,0.9903601787748664,0,7
CG,CG_20200531133905_QDGFL5OGBCRI.md,22822,0.9993427394619228,0.9903601787748664,0,7
CG,CG_20200601141626_BMGHFOPRPMCY.md,22822,0.9993427394619228,0.9903601787748664,0,7
CG,CG_20200612035156_PJAJ4VKHWJ5Q.md,22822,0.9993427394619228,0.9903601787748664,0,7
CG,CG_20200620064013_VBBV32V4UGA2.md,22822,0.9993427394619228,0.9903601787748664,0,7
CG,CG_20200627105345_NRNQO2EP2D7H.md,22822,0.9993427394619228,0.9903601787748664,0,7
CG,CG_20200630204835_YCYONCV4MQH6.md,22822,0.9993427394619228,0.9903601787748664,0,7
CG,CG_20200701021651_R3O2CVQCMIEB.md,22822,0.9993427394619228,0.9903601787748664,0,7
CG,CG_20200702141303_VGQ56TPES3IY.md,22822,0.9993427394619228,0.9903601787748664,0,7
CG,CG_20200709005326_IM6UERCEOTIJ.md,22822,0.9993427394619228,0.9903601787748664,0,7
CG,CG_20200720185237_V7ATA6644NCE.md,22822,0.9993427394619228,0.9903601787748664,0,7
CG,CG_20200730165024_32T27RRWAAML.md,22822,0.9993427394619228,0.9903601787748664,0,7
CG,CG_20200801014447_UDIGJIMNVXKW.md,22822,0.9993427394619228,0.9903601787748664,0,7
CG,CG_20200805235149_LIEAMNHW464P.md,23049,0.9993925983773699,0.9903249598681071,0,7
CG,CG_20200813081540_OWWTYWIKGA3Y.md,23049,0.9993925983773699,0.9903249598681071,0,7
CG,CG_20200817192619_IXUNBOUKQZFD.md,23049,0.9993925983773699,0.9903249598681071,0,7
CG,CG_20200830190741_ZEIDGZEAYTBQ.md,23049,0.9993925983773699,0.9903249598681071,0,7
CG,CG_20200902073449_AGJVAPEZ3TX2.md,23049,0.9993925983773699,0.9903249598681071,0,7
CG,CG_20200904130047_AF6PSFJVJTBL.md,23049,0.9993925983773699,0.9903249598681071,0,7
CG,CG_20200917000341_AYMFBQ4673KI.md,23049,0.9993925983773699,0.9903249598681071,0,7
CG,CG_20200922035632_GCSWMTWBOM6Y.md,23049,0.9993925983773699,0.9903249598681071,0,7
CG,CG_20200930222503_6MMGMCM4AYIM.md,23049,0.9993925983773699,0.9903249598681071,0,7
CG,CG_20201001111231_4ZVM6ZTFSEHM.md,23049,0.9993925983773699,0.9903249598681071,0,7
CG,CG_20201007140654_C4BSECBA45FX.md,23049,0.9993925983773699,0.9903249598681071,0,7
CG,CG_20201010020140_AY6ONL2NFZBE.md,23049,0.9993925983773699,0.9903249598681071,0,7
CG,CG_20201022080559_M6JOSLK3CQQ4.md,23049,0.9993925983773699,0.9903249598681071,0,7
CG,CG_20201027233938_6ZCEVKZJGXJO.md,23067,0.9993930723544457,0.9902458056964495,0,7
CG,CG_20201107014818_QJ2QLX3YRXBV.md,23067,0.9993930723544457,0.9902458056964495,0,7
CG,CG_20201110200922_DUMNYA3F3UWR.md,23067,0.9993930723544457,0.9902458056964495,0,7
CG,CG_20201118060403_5AKP4T5N6M4J.md,23067,0.9993930723544457,0.9902458056964495,0,7
CG,CG_20201121181158_4FVDDHFC2PY5.md,23067,0.9993930723544457,0.9902458056964495,0,7
CG,CG_20201123170917_KAVEQDI7OF3D.md,23067,0.9993930723544457,0.9902458056964495,0,7
CG,CG_20201203052808_W3CNJOBFHSCS.md,23067,0.9993930723544457,0.9902458056964495,0,7
CG,CG_20201213235816_2VFAXASULKXX.md,23067,0.9993930723544457,0.9902458056964495,0,7
CG,CG_20201215215419_NHGTEUINI65P.md,34909,0.9995703113810193,0.9926093557535306,0,7
CG,CG_20201224071653_OTYYTQJID2ON.md,34884,0.9995700034399725,0.9928620571035431,0,7
CG,CG_20201230235300_HHFHDE45VKTA.md,34715,0.9995967161169523,0.992971338038312,0,7
CG,CG_20210103060127_DUQHJIV3IHHU.md,34715,0.9995967161169523,0.992971338038312,0,7
CG,CG_20210123175251_IT7VCWEWEUOV.md,34715,0.9995967161169523,0.992971338038312,0,7
CG,CG_20210128005845_LOUCDCHGRHEH.md,34715,0.9995967161169523,0.992971338038312,0,7
CG,CG_20210128073228_I4GPBVJELA23.md,34715,0.9995967161169523,0.992971338038312,0,7
CG,CG_20210130225829_IANKL2DMWCK5.md,34715,0.9995967161169523,0.992971338038312,0,7
CG,CG_20210201180333_OO5I6SBNMA5T.md,34715,0.9995967161169523,0.992971338038312,0,7
CG,CG_20210207215325_RTOXC7IJPEAB.md,34715,0.9995967161169523,0.992971338038312,0,7
CG,CG_20210214001619_P5WRFRXLAZXM.md,34715,0.9995967161169523,0.992971338038312,0,7
CG,CG_20210219111129_7YNLK5LR5ZOZ.md,34715,0.9995967161169523,0.992971338038312,0,7
CG,CG_20210228042014_2CS2OFRT2MPZ.md,34715,0.9995967161169523,0.992971338038312,0,7
CG,CG_20210301065347_H3C3VEJEUTQ7.md,34715,0.9995967161169523,0.992971338038312,0,7
CG,CG_20210310233535_WJOX3HHAJDZO.md,34715,0.9995967161169523,0.992971338038312,0,7
CG,CG_20210317215143_FRG3GM4ASIAN.md,34715,0.9995967161169523,0.992971338038312,0,7
CG,CG_20210325062756_B7E6GP5FIYYE.md,34715,0.9995967161169523,0.992971338038312,0,7
CG,CG_20210331233754_35B6U7CWFNL5.md,34715,0.9995967161169523,0.992971338038312,0,7
CG,CG_20210401005612_FO2IICWFXMVU.md,34715,0.9995967161169523,0.992971338038312,0,7
CG,CG_20210403033601_BJLP25HVFL73.md,34715,0.9995967161169523,0.992971338038312,0,7
CG,CG_20210406181016_P5CAG26APYRO.md,34715,0.9995967161169523,0.992971338038312,0,7
CG,CG_20210409010114_C5MKOXOXIMWG.md,34715,0.9995967161169523,0.992971338038312,0,7
CG,CG_20210430032115_CFXT6KEPWYHS.md,34715,0.9995967161169523,0.992971338038312,0,7
CG,CG_20210501001217_4VI4IOWPGI7G.md,34715,0.9995967161169523,0.992971338038312,0,7
CG,CG_20210513133636_5I2IM2TDAWGD.md,34715,0.9995967161169523,0.992971338038312,0,7
CG,CG_20210521045329_DIIQE7QMST5J.md,34715,0.9995967161169523,0.992971338038312,0,7
CG,CG_20210524080144_GDMLWVJWHUPP.md,34715,0.9995967161169523,0.992971338038312,0,7
CG,CG_20210527201009_74OJYAV4VOPF.md,34715,0.9995967161169523,0.992971338038312,0,7
CG,CG_20210601030023_SA5PC66WGOYM.md,34715,0.9995967161169523,0.992971338038312,0,7
CG,CG_20210605161555_WSTG3NA6P7XK.md,34715,0.9995967161169523,0.992971338038312,0,7
CG,CG_20210616035027_W7BMYXG64RJW.md,34715,0.9995967161169523,0.992971338038312,0,7
CG,CG_20210623044849_EOEI3R7YWCY6.md,34715,0.9995967161169523,0.992971338038312,0,7
CG,CG_20210630220535_BLUJFKIMJL2R.md,34715,0.9995967161169523,0.992971338038312,0,7
CG,CG_20210701130542_WPWSCGHJN3UE.md,34715,0.9995967161169523,0.992971338038312,0,7
CG,CG_20210709210054_SST2MNL7EXQ7.md,34715,0.9995967161169523,0.992971338038312,0,7
CG,CG_20210722150313_G6ZFIBUAWBSF.md,34781,0.999597481383514,0.9929846755412438,0,7
CG,CG_20210723204241_VLKEWRGAFFAW.md,34781,0.999597481383514,0.9929846755412438,0,7
CG,CG_20210731130100_5OR5CJVIA2K6.md,34781,0.999597481383514,0.9929846755412438,0,7
CG,CG_20210804003900_IDFFTAJ7PY3D.md,34781,0.999597481383514,0.9929846755412438,0,7
CG,CG_20210809193945_I44VCHZR47S3.md,34781,0.999597481383514,0.9929846755412438,0,7
CG,CG_20210815073749_446O3FA7N3BB.md,34781,0.999597481383514,0.9929846755412438,0,7
CG,CG_20210825015502_DSB6E3TJV662.md,34781,0.999597481383514,0.9929846755412438,0,7
CG,CG_20210831091434_OQTHTTL3R23I.md,34781,0.999597481383514,0.9929846755412438,0,7
CG,CG_20210903001708_XBI4DEIWHIHN.md,34781,0.999597481383514,0.9929846755412438,0,7
CG,CG_20210912005102_ORDVD6NX57KM.md,34781,0.999597481383514,0.9929846755412438,0,7
CG,CG_20210917021038_C22OUXWFDCIT.md,34781,0.999597481383514,0.9929846755412438,0,7
CG,CG_20210924020915_BKVLTP3HJ3C3.md,34781,0.999597481383514,0.9929846755412438,0,7
CG,CG_20210930221900_P4V2EKGGFVOW.md,34781,0.999597481383514,0.9929846755412438,0,7
CG,CG_20211001002832_ZD4FVVV3NFP4.md,34781,0.999597481383514,0.9929846755412438,0,7
CG,CG_20211006045946_FI4GAWWMFWF4.md,34781,0.999597481383514,0.9929846755412438,0,7
CG,CG_20211015012630_TUDWZDJD2YD2.md,34781,0.999597481383514,0.9929846755412438,0,7
CG,CG_20211021093716_EU52Y2XPSRSD.md,34781,0.999597481383514,0.9929846755412438,0,7
CG,CG_20211030075517_JI5BIP5S4QKS.md,34781,0.999597481383514,0.9929846755412438,0,7
CG,CG_20211102030216_ODLEZMQMDT5B.md,34781,0.999597481383514,0.9929846755412438,0,7
CG,CG_20211109222230_XFBPS7A6WTG6.md,34781,0.999597481383514,0.9929846755412438,0,7
CG,CG_20211117063629_2IJM7O3HT7MG.md,34781,0.999597481383514,0.9929846755412438,0,7
CG,CG_20211121093725_5CLFNJUJJ23H.md,34781,0.999597481383514,0.9929846755412438,0,7
CG,CG_20211130213911_6FYZIBZYHFMT.md,34781,0.999597481383514,0.9929846755412438,0,7
CG,CG_20211201011838_W6DIX23P3J44.md,34781,0.999597481383514,0.9929846755412438,0,7
CG,CG_20211210021458_3AXFJESFHGU7.md,34781,0.999597481383514,0.9929846755412438,0,7
CG,CG_20211216024934_EBGREFWMAKX5.md,34781,0.999597481383514,0.9929846755412438,0,7
CG,CG_20211217125237_EFZ6AS73QT4Z.md,34781,0.999597481383514,0.9929846755412438,0,7
CG,CG_20211224100642_WA6JMJVM725K.md,34781,0.999597481383514,0.9929846755412438,0,7
CG,CG_20220101060704_6ISHKRMA5JVH.md,34781,0.999597481383514,0.9929846755412438,0,7
CG,CG_20220117041837_IH6I2GAQAHW2.md,34781,0.999597481383514,0.9929846755412438,0,7
CG,CG_20220123043352_5OJYAY6A6T43.md,34781,0.999597481383514,0.9929846755412438,0,7
CG,CG_20220127191957_VYSTWM65JUT3.md,34781,0.999597481383514,0.9929846755412438,0,7
CG,CG_20220131205807_MW6RHV3UMRI4.md,34781,0.999597481383514,0.9929846755412438,0,7
CG,CG_20220201020519_IA7MZ4M6KZR5.md,34781,0.999597481383514,0.9929846755412438,0,7
CG,CG_20220208195105_MJVE3REHBET6.md,34920,0.9995990836197022,0.9930126002290951,0,7
CG,CG_20220216041153_3XALK3POMEOA.md,34920,0.9995990836197022,0.9930126002290951,0,7
CG,CG_20220222042447_WYYOB34OFOCM.md,34920,0.9995990836197022,0.9930126002290951,0,7
CG,CG_20220228210631_EO4XUXBEBJLT.md,34920,0.9995990836197022,0.9930126002290951,0,7
CG,CG_20220301003449_3O3KKSD5YTFY.md,34920,0.9995990836197022,0.9930126002290951,0,7
CG,CG_20220308000557_FFUIMT64WSXI.md,43267,0.9994915293410682,0.9937596782767467,0,7
CG,CG_20220316173621_F7LNPI27VMHW.md,43267,0.9994915293410682,0.9937596782767467,0,7
CG,CG_20220323040311_4Y5Q37UENKS4.md,43267,0.9994915293410682,0.9937596782767467,0,7
CG,CG_20220331224111_AQADMIGNFSPU.md,43267,0.9994915293410682,0.9937596782767467,0,7
CG,CG_20220401000416_73WFQOYP7J7M.md,43267,0.9994915293410682,0.9937596782767467,0,7
CG,CG_20220409113457_JNCBTYABLH2B.md,43267,0.9994915293410682,0.9937596782767467,0,7
CG,CG_20220414071826_DFJ3EO6PD6NE.md,43267,0.9994915293410682,0.9937596782767467,0,7
CG,CG_20220422214623_U7PXAU2MVZZP.md,43267,0.9994915293410682,0.9937596782767467,0,7
CG,CG_20220430234144_USXXKRRXKIXB.md,43267,0.9994915293410682,0.9937596782767467,0,7
CG,CG_20220501041914_NUHWNZWJS7QB.md,43267,0.9994915293410682,0.9937596782767467,0,7
CG,CG_20220509212536_EAMTP6PJ4MK6.md,43267,0.9994915293410682,0.9937596782767467,0,7
CG,CG_20220515232245_RBOOMGFY4FWS.md,43267,0.9994915293410682,0.9937596782767467,0,7
CG,CG_20220523185728_LKWJ63RGEN6X.md,43267,0.9994915293410682,0.9937596782767467,0,7
CG,CG_20220531133735_YH45L3FKDDFN.md,43267,0.9994915293410682,0.9937596782767467,0,7
CG,CG_20220601032042_X3JWK5DD2L45.md,43267,0.9994915293410682,0.9937596782767467,0,7
CG,CG_20220605032207_VURPZOP3IQAB.md,43267,0.9994915293410682,0.9937596782767467,0,7
CG,CG_20220612003909_OVMP5A7CWVTZ.md,43267,0.9994915293410682,0.9937596782767467,0,7
CG,CG_20220617035001_4VDVX5DBA2P5.md,43267,0.9994915293410682,0.9937596782767467,0,7
CG,CG_20220630131502_3VHJ24OYSH4N.md,43267,0.9994915293410682,0.9937596782767467,0,7
CG,CG_20220701035543_SMGAMMD63KCV.md,43267,0.9994915293410682,0.9937596782767467,0,7
CG,CG_20220705030423_GJXKFVEPAX7S.md,43267,0.9994915293410682,0.9937596782767467,0,7
CG,CG_20220711074836_YNRXMOCDGERK.md,43267,0.9994915293410682,0.9937596782767467,0,7
CG,CG_20220716100150_QMSEU7SDXB35.md,43267,0.9994915293410682,0.9937596782767467,0,7
CG,CG_20220728201636_VQJNH5BMXZYQ.md,43267,0.9994915293410682,0.9937596782767467,0,7
CG,CG_20220801170728_VOE5I2AHJX7Y.md,43267,0.9994915293410682,0.9937596782767467,0,7
CG,CG_20220808135527_QVYSE4MAMNJY.md,43267,0.9994915293410682,0.9937596782767467,0,7
CG,CG_20220816184016_QWDYXRFCILLS.md,43267,0.9994915293410682,0.9937596782767467,0,7
CG,CG_20220823180503_64ATA2LNK6KN.md,43267,0.9994915293410682,0.9937596782767467,0,7
CG,CG_20220831172945_NNUKDNZZJLZP.md,43267,0.9994915293410682,0.9937596782767467,0,7
CG,CG_20220901001012_ATAWUAGGO4AO.md,43267,0.9994915293410682,0.9937596782767467,0,7
CG,CG_20220915121936_A6E52L5OPTG3.md,43267,0.9994915293410682,0.9937596782767467,0,7
CG,CG_20220921235203_CGV6HHFXG37I.md,43267,0.9994915293410682,0.9937596782767467,0,7
CG,CG_20220926103348_ZZRNVLVVM4IM.md,43267,0.9994915293410682,0.9937596782767467,0,7
CG,CG_20220930080312_5HRB2DKBL3MB.md,43267,0.9994915293410682,0.9937596782767467,0,7
CG,CG_20221001010317_7M5OURJZ74SW.md,43267,0.9994915293410682,0.9937596782767467,0,7
CG,CG_20221012172627_W4FZIPB4CURY.md,43267,0.9994915293410682,0.9937596782767467,0,7
CG,CG_20221017103107_BNARDPSFUNZQ.md,43439,0.9994935426690301,0.9937843873017335,0,7
CG,CG_20221022195932_VHID7Y5MESBJ.md,43433,0.999493472705086,0.9937835286533281,0,7
CG,CG_20221031233115_PDITOLPJVNBQ.md,43433,0.999493472705086,0.9937835286533281,0,7
CG,CG_20221102000209_CAFOK5H424FK.md,43433,0.999493472705086,0.9937835286533281,0,7
CG,CG_20221111010628_AHAYCBTROX4J.md,43433,0.999493472705086,0.9937835286533281,0,7
CG,CG_20221116060250_VMFYFNQUABGG.md,43433,0.999493472705086,0.9937835286533281,0,7
CG,CG_20221123100932_WGKOHATHRAYI.md,43185,0.9995137200416812,0.9937709852958203,0,7
CG,CG_20221130132827_FOPEHLBEKBSK.md,43185,0.9995137200416812,0.9937709852958203,0,7
CG,CG_20221201004650_ORY4RYZBDAIY.md,43185,0.9995137200416812,0.9937709852958203,0,7
CG,CG_20221204020810_ONBJHMCI6ENA.md,43185,0.9995137200416812,0.9937709852958203,0,7
CG,CG_20221208142415_VMIWOCWZCZ35.md,43185,0.9995137200416812,0.9937709852958203,0,7
CG,CG_20221215030446_QUALA7FG2LFR.md,43185,0.9995137200416812,0.9937709852958203,0,7
CG,CG_20221231214907_MDOHO5FOT6YU.md,43185,0.9995137200416812,0.9937709852958203,0,7
CG,CG_20230101005155_QYUAMSKPL3JL.md,43185,0.9995137200416812,0.9937709852958203,0,7
CG,CG_20230105105655_5S33ZQEWR2FB.md,43185,0.9995137200416812,0.9937709852958203,0,7
CG,CG_20230109215359_KBT76CEX5VVU.md,43185,0.9995137200416812,0.9937709852958203,0,7
CG,CG_20230118163601_23KR6GMPJVKI.md,43185,0.9995137200416812,0.9937709852958203,0,7
CG,CG_20230128123659_X7JNCMUZMOKA.md,43185,0.9995137200416812,0.9937709852958203,0,7
CG,CG_20230203040046_IZZVUIKV4SEQ.md,43185,0.9995137200416812,0.9937709852958203,0,7
CG,CG_20230210025841_NREXMO5GZBEI.md,43185,0.9995137200416812,0.9937709852958203,0,7
CG,CG_20230216013244_OABPJGIEYLNA.md,43185,0.9995137200416812,0.9937709852958203,0,7
CG,CG_20230222135335_Z3GLCZ4DNHHW.md,43185,0.9995137200416812,0.9937709852958203,0,7
CG,CG_20230225204618_ZFVNXBWWF553.md,43185,0.9995137200416812,0.9937709852958203,0,7
CG,CG_20230306003524_JRC4SWCXBV6W.md,43185,0.9995137200416812,0.9937709852958203,0,7
CG,CG_20230318201211_JKL6DYPESAWV.md,43185,0.9995137200416812,0.9937709852958203,0,7
CG,CG_20230322111230_H2QC23AIO7GY.md,43358,0.9995156603164352,0.9937958392914802,0,7
CG,CG_20230327002539_XC6OXXRIREPA.md,43358,0.9995156603164352,0.9937958392914802,0,7
CG,CG_20230331214802_YNFQEMUIE3QB.md,43358,0.9995156603164352,0.9937958392914802,0,7
CG,CG_20230401002127_RBU575LEOLQX.md,43358,0.9995156603164352,0.9937958392914802,0,7
CG,CG_20250829144820_LVXF3IMPXRQC.md,8996,0.921520675855936,0.805913739439751,0,0
CG,CG_20250919110130_EIAUQVQQJ6ZP.md,7096,0.9940811724915445,0.9867531003382187,0,5
CG,CG_20250929040446_OVECTQORETMW.md,7096,0.9940811724915445,0.9867531003382187,0,5
CG,CG_20251001124038_LKQAU22FX5OG.md,7096,0.9940811724915445,0.9867531003382187,0,5
CG,CG_20251023001102_HM3ENPQW5OJW.md,7096,0.9940811724915445,0.9867531003382187,0,5
CG,CG_20251027094403_V6OVGOZU6SEZ.md,7096,0.9940811724915445,0.9867531003382187,0,5
CG,CG_20251031212031_O7BI3NHK7AZM.md,7096,0.9940811724915445,0.9867531003382187,0,5
CG,CG_20251101084515_7C7KXFKC4HBH.md,7096,0.9940811724915445,0.9867531003382187,0,5
CG,CG_20251104192457_ZPSGO4IOOA25.md,7096,0.9940811724915445,0.9867531003382187,0,5
CG,CG_20251113082119_BN7RLJZLINWE.md,7096,0.9940811724915445,0.9867531003382187,0,5
CG,CG_20251119061306_FZUBRRJUXP4B.md,7096,0.9940811724915445,0.9867531003382187,0,5
CG,CG_20251210203658_OG2HNEFW2NX5.md,7096,0.9940811724915445,0.9867531003382187,0,5
CG,CG_20251223165931_NCFSDTSAJX2X.md,7096,0.9940811724915445,0.9867531003382187,0,5
CG,CG_20251231172148_MTR6AS5FCGP5.md,7096,0.9940811724915445,0.9867531003382187,0,5
CG,CG_sub_20230321122525_OZPNV2A3XA6A.md,11982,0.99949924887331,0.9843932565514939,0,3
CG,CG_sub_20230321165938_YDVSHHGIQ3IL.md,17572,0.9992032779421808,0.9873662645117232,0,3
CG,CG_sub_20230421015516_PRXDPBHPRQ23.md,13273,0.9984931816469524,0.9842537482106533,0,3
CG,CG_sub_20230421183453_RCFMVFPOGYIC.md,13273,0.9984931816469524,0.9842537482106533,0,3
CG,CG_sub_20230422004425_MFI5KTRKU6R5.md,17572,0.9992032779421808,0.9873662645117232,0,3
CG,CG_sub_20230422004922_P73G5MOF3HPU.md,11982,0.99949924887331,0.9843932565514939,0,3
CG,CG_sub_20230422010542_MBFHH2MY4344.md,6487,0.9979959919839679,0.9915215045475566,0,3
CG,CG_sub_20230422010912_IPRMO4L6SJBK.md,6430,0.9998444790046657,0.9891135303265941,0,5
CG,CG_sub_20230422025134_J3PRGEWJ7YOZ.md,6737,0.9994062639156894,0.9853050319133145,0,2
CG,CG_sub_20230422025733_RL2H5CZGNEKF.md,11982,0.99949924887331,0.9843932565514939,0,3
CG,CG_sub_20230422030426_U6Z2CDXPW5YJ.md,10575,0.9997163120567376,0.983451536643026,0,3
CG,CG_sub_20230423182042_LXU3FGHNE6GH.md,32673,0.9245554433324151,0.8071190279435619,0,1
CG,CG_sub_20230423200813_GG2LOFDB7UJE.md,17572,0.9992032779421808,0.9873662645117232,0,3
CG,CG_sub_20230423201950_LG2TKPG6EVFC.md,6487,0.9979959919839679,0.9915215045475566,0,3
CG,CG_sub_20230423202208_GE4LW3BXOWOD.md,6430,0.9998444790046657,0.9891135303265941,0,5
CG,CG_sub_20230423211119_5OLKET7FEUQX.md,17572,0.9992032779421808,0.9873662645117232,0,3
CG,CG_sub_20230423212315_SHDOJZATFONT.md,11982,0.99949924887331,0.9843932565514939,0,3
CG,CG_sub_20230423212535_ZEZAVUEQJDTK.md,13273,0.9984931816469524,0.9842537482106533,0,3
CG,CG_sub_20230423212751_ISNXQSA6ZFRL.md,10575,0.9997163120567376,0.983451536643026,0,3
CG,CG_sub_20230426182903_BZ5ALEFTSPHX.md,6737,0.9994062639156894,0.9853050319133145,0,2
CG,CG_sub_20230505230552_NQ4GIU7JI7H5.md,13273,0.9984931816469524,0.9842537482106533,0,3
CG,CG_sub_20230507052850_46S2AKS2P2C4.md,13273,0.9984931816469524,0.9842537482106533,0,3
CG,CG_sub_20230508144353_XGMYQPNPC66W.md,10575,0.9997163120567376,0.983451536643026,0,3
CG,CG_sub_20230509060420_2RY6RGLRRNBD.md,11982,0.99949924887331,0.9843932565514939,0,3
CG,CG_sub_20230510003614_FORFQF272I7Z.md,11982,0.99949924887331,0.9843932565514939,0,3
CG,CG_sub_20230511124217_PENZGVO22NRY.md,6430,0.9998444790046657,0.9891135303265941,0,5
CG,CG_sub_20230511201812_4XO4G5HHE5JM.md,17572,0.9992032779421808,0.9873662645117232,0,3
CG,CG_sub_20230517194417_V7OWZUMQRGBB.md,13273,0.9984931816469524,0.9842537482106533,0,3
CG,CG_sub_20230523011735_7P5QYFSFHCJ5.md,13273,0.9984931816469524,0.9842537482106533,0,3
CG,CG_sub_20230523021944_XRGUIMOMQOBE.md,6737,0.9994062639156894,0.9853050319133145,0,2
CG,CG_sub_20230523031214_RKB6PMIKJKOQ.md,6737,0.9994062639156894,0.9853050319133145,0,2
CG,CG_sub_20230523031217_NQY3J6URHJBL.md,11982,0.99949924887331,0.9843932565514939,0,3
CG,CG_sub_20230523031514_NYWJRZU45QC2.md,17572,0.9992032779421808,0.9873662645117232,0,3
CG,CG_sub_20230523034045_BLIP7YPB5PZ4.md,6737,0.9994062639156894,0.9853050319133145,0,2
CG,CG_sub_20230525183748_H2FNBIVB6UA3.md,17573,0.9992033232800319,0.9873669834405053,0,3
CG,CG_sub_20230527193046_VOZJAKXDEJCN.md,11982,0.99949924887331,0.9843932565514939,0,3
CG,CG_sub_20230531235556_ESR245RC6H4W.md,17573,0.9992033232800319,0.9873669834405053,0,3
CG,CG_sub_20230601211200_6TKFZRPLYUAI.md,31306,0.9230179518303201,0.8058838561298154,0,1
CG,CG_sub_20230602200009_BVWFEB74UJPS.md,31422,0.9228884221246261,0.8096238304372733,0,0
CG,CG_sub_20230603052438_6D7LOF4EJR32.md,11982,0.99949924887331,0.9843932565514939,0,3
CG,CG_sub_20230603101224_SMVAEWNZYWR4.md,17573,0.9992033232800319,0.9873669834405053,0,3
CG,CG_sub_20230603135530_3L3GKNILP744.md,13273,0.9984931816469524,0.9842537482106533,0,3
CG,CG_sub_20230627152156_IFNDV7IDW22S.md,6738,0.9994063520332442,0.9853072128227961,0,2
CG,CG_sub_20230706152738_TU4VGP354SCO.md,11982,0.99949924887331,0.9843932565514939,0,3
CG,CG_sub_20230706153032_JBUCTJKNE3BJ.md,11982,0.99949924887331,0.9843932565514939,0,3
CG,CG_sub_20230706173639_JIBTT2E5LSZ6.md,13273,0.9984931816469524,0.9842537482106533,0,3
CG,CG_sub_20230706222601_2A4D4XLMVONC.md,17573,0.9992033232800319,0.9873669834405053,0,3
CG,CG_sub_20230714064228_UFWJIJEBGWBR.md,17573,0.9992033232800319,0.9873669834405053,0,3
CG,CG_sub_20230715145420_Z5WYTZQRQ2XZ.md,6738,0.9994063520332442,0.9853072128227961,0,2
CG,CG_sub_20230715193525_KJTTOHVAWGP5.md,11982,0.99949924887331,0.9843932565514939,0,3
CG,CG_sub_20230725003228_WK37N2AFRMBM.md,11982,0.99949924887331,0.9843932565514939,0,3
CG,CG_sub_20230729135436_TYSDG7YHBSN2.md,6738,0.9994063520332442,0.9853072128227961,0,2
CG,CG_sub_20230818182900_MJJIEB6FXXJ5.md,17573,0.9992033232800319,0.9873669834405053,0,3
CG,CG_sub_20230819194736_I2OBCCMSVDOX.md,17573,0.9992033232800319,0.9873669834405053,0,3
CG,CG_sub_20230821235201_DAONHCZ3VVA5.md,13273,0.9984931816469524,0.9842537482106533,0,3
CG,CG_sub_20230822132005_BUCYBWB3OMHC.md,17573,0.9992033232800319,0.9873669834405053,0,3
CG,CG_sub_20230824161120_DLPARNMYCBTW.md,17573,0.9992033232800319,0.9873669834405053,0,3
CG,CG_sub_20230825034109_2DLPY7UBR6O4.md,6487,0.9979959919839679,0.9915215045475566,0,3
CG,CG_sub_20230826062631_SHU3YOFB7275.md,6487,0.9979959919839679,0.9915215045475566,0,3
CG,CG_sub_20230828095255_XIAPYF5T5RXP.md,13273,0.9984931816469524,0.9842537482106533,0,3
CG,CG_sub_20230830170014_TR5PQUYTNPIV.md,17573,0.9992033232800319,0.9873669834405053,0,3
CG,CG_sub_20230831102846_I72775ASSOFJ.md,6487,0.9979959919839679,0.9915215045475566,0,3
CG,CG_sub_20230901132546_KS3S3N35V6EE.md,13273,0.9984931816469524,0.9842537482106533,0,3
CG,CG_sub_20230902092449_265A2AL3T2FW.md,6487,0.9979959919839679,0.9915215045475566,0,3
CG,CG_sub_20230907144504_UEB2LWQFZ7HK.md,6487,0.9979959919839679,0.9915215045475566,0,3
CG,CG_sub_20230912194228_DNZH3O2FQ5SF.md,6487,0.9979959919839679,0.9915215045475566,0,3
CG,CG_sub_20230914204530_DDZ73AU2OMK7.md,13273,0.9984931816469524,0.9842537482106533,0,3
CG,CG_sub_20230919232202_FQPCIZMJ6WEE.md,11982,0.99949924887331,0.9843932565514939,0,3
CG,CG_sub_20230922081729_AJFHEAYD2CTI.md,13273,0.9984931816469524,0.9842537482106533,0,3
CG,CG_sub_20230928165232_H3T22MSXQVF7.md,13355,0.9985024335454886,0.9838262822912767,0,3
CG,CG_sub_20231001012144_FD2DLDC5BPEL.md,13355,0.9985024335454886,0.9838262822912767,0,3
CG,CG_sub_20231005022658_OMYAA5FBLA7C.md,32663,0.9214095459694456,0.8071212074824725,0,0
CG,CG_sub_20231006195951_GMY6FV53HKKG.md,10636,0.9997179390748402,0.9828883038736367,0,3
CG,CG_sub_20231008092539_QQME6CUV3F6Z.md,6806,0.9994122832794593,0.9844255069056714,0,2
CG,CG_sub_20231008092738_FPUQJIVYN6XA.md,6549,0.998014964116659,0.990532905787143,0,3
CG,CG_sub_20231008092755_FJCVDZGTA73X.md,6483,0.9998457504241863,0.9881227826623477,0,5
CG,CG_sub_20231009052324_JASM5X35JHCB.md,17643,0.999206484158023,0.9870203480133765,0,3
CG,CG_sub_20231010010518_47W3NJLG4J6G.md,10636,0.9997179390748402,0.9828883038736367,0,3
CG,CG_sub_20231010155458_KWIMTGZ2XUHT.md,13355,0.9985024335454886,0.9838262822912767,0,3
CG,CG_sub_20231012125457_6FUFNSB3JH3C.md,13355,0.9985024335454886,0.9838262822912767,0,3
CG,CG_sub_20231014003304_5HQGGUF6ML36.md,10636,0.9997179390748402,0.9828883038736367,0,3
CG,CG_sub_20231016070408_GK52T33NNH2M.md,17643,0.999206484158023,0.9870203480133765,0,3
CG,CG_sub_20231016090913_TZ5PTMOW4AH3.md,13355,0.9985024335454886,0.9838262822912767,0,3
CG,CG_sub_20231018054032_G4RDSI55DAXO.md,10636,0.9997179390748402,0.9828883038736367,0,3
CG,CG_sub_20231022213414_RRXRVXVFXAOF.md,33778,0.9198294748060868,0.80676771863343,0,1
CG,CG_sub_20231027092705_BPPGHIN3WGZ3.md,6483,0.9998457504241863,0.9881227826623477,0,5
CG,CG_sub_20231031160350_B24PBXVX4CE6.md,17643,0.999206484158023,0.9870203480133765,0,3
CG,CG_sub_20231031201454_OMKRCIN452TP.md,6483,0.9998457504241863,0.9881227826623477,0,5
CG,CG_sub_20231031201715_UOHFK3P26RUQ.md,6483,0.9998457504241863,0.9881227826623477,0,5
CG,CG_sub_20231101104957_JKFDZRU7RGKQ.md,10636,0.9997179390748402,0.9828883038736367,0,3
CG,CG_sub_20231101183319_LL2N65GIMNKB.md,17643,0.999206484158023,0.9870203480133765,0,3
CG,CG_sub_20231105232307_RE5MDPP45R6U.md,13355,0.9985024335454886,0.9838262822912767,0,3
CG,CG_sub_20231110202514_FG3J4SQKXFTW.md,17643,0.999206484158023,0.9870203480133765,0,3
CG,CG_sub_20231114201503_77IEUITNQRMQ.md,17643,0.999206484158023,0.9870203480133765,0,3
CG,CG_sub_20231116035026_5JTHPOY4JATS.md,6483,0.9998457504241863,0.9881227826623477,0,5
CG,CG_sub_20231118041325_JEKV5KMKKYK6.md,10636,0.9997179390748402,0.9828883038736367,0,3
CG,CG_sub_20231120155412_D4HTYGFI4ZWW.md,13355,0.9985024335454886,0.9838262822912767,0,3
CG,CG_sub_20231123212941_XGWEDBUR74VH.md,6806,0.9994122832794593,0.9844255069056714,0,2
CG,CG_sub_20231123213011_WYKL4XZXSLEF.md,17643,0.999206484158023,0.9870203480133765,0,3
CG,CG_sub_20231123213119_X6LZESPWNRRL.md,6483,0.9998457504241863,0.9881227826623477,0,5
CG,CG_sub_20231127062535_PKXPAARTVND4.md,12049,0.9995020333637646,0.983899078761723,0,3
CG,CG_sub_20231129223309_TPH5D35WALQL.md,13355,0.9985024335454886,0.9838262822912767,0,3
CG,CG_sub_20231215125430_R2RFNKWCNHHV.md,17643,0.999206484158023,0.9870203480133765,0,3
CG,CG_sub_20231223202058_6ZQU4L4R7UJ6.md,17643,0.999206484158023,0.9870203480133765,0,3
CG,CG_sub_20231225221131_OC6NVS5GU7R5.md,17643,0.999206484158023,0.9870203480133765,0,3
CG,CG_sub_20231228020109_5ZRH3XAUUYV5.md,17643,0.999206484158023,0.9870203480133765,0,3
CG,CG_sub_20240101060700_FIH37FW2P5DM.md,17643,0.999206484158023,0.9870203480133765,0,3
CG,CG_sub_20240107113840_362MX5XXGVUI.md,17643,0.999206484158023,0.9870203480133765,0,3
CG,CG_sub_20240108081150_VXAWC5VCCDOG.md,10636,0.9997179390748402,0.9828883038736367,0,3
CG,CG_sub_20240113120417_UDWMFB2LF35Z.md,6549,0.998014964116659,0.990532905787143,0,3
CG,CG_sub_20240118232420_LT7KZCTDBT4E.md,17643,0.999206484158023,0.9870203480133765,0,3
CG,CG_sub_20240122223753_ESPWSUPLME7Y.md,13355,0.9985024335454886,0.9838262822912767,0,3
CG,CG_sub_20240123145655_E3OBK4MUFIH6.md,12049,0.9995020333637646,0.983899078761723,0,3
CG,CG_sub_20240123222816_WIZ3PJRORMAF.md,6806,0.9994122832794593,0.9844255069056714,0,2
CG,CG_sub_20240126211038_RIJMSKFL2Y67.md,13355,0.9985024335454886,0.9838262822912767,0,3
CG,CG_sub_20240201070728_LOAW4ZOWWUBR.md,17643,0.999206484158023,0.9870203480133765,0,3
CG,CG_sub_20240204173435_TVE2X25J45TT.md,17643,0.999206484158023,0.9870203480133765,0,3
CG,CG_sub_20240206164200_HJJVXF6MT6YC.md,6806,0.9994122832794593,0.9844255069056714,0,2
CG,CG_sub_20240207214914_EQXU3ABML6YK.md,17643,0.999206484158023,0.9870203480133765,0,3
CG,CG_sub_20240209225532_BKEAMHG4WMNX.md,17643,0.999206484158023,0.9870203480133765,0,3
CG,CG_sub_20240213192454_FM7XI2MBARRT.md,10636,0.9997179390748402,0.9828883038736367,0,3
CG,CG_sub_20240218084310_HCGIJCA27X7A.md,13355,0.9985024335454886,0.9838262822912767,0,3
CG,CG_sub_20240218100434_GIP5TSWXSJVH.md,6806,0.9994122832794593,0.9844255069056714,0,2
CG,CG_sub_20240218100501_N5LS5EFQSMGM.md,12049,0.9995020333637646,0.983899078761723,0,3
CG,CG_sub_20240218100539_CJZ5INKASSZI.md,13355,0.9985024335454886,0.9838262822912767,0,3
CG,CG_sub_20240218101631_RYMZFFGX3Y7U.md,6549,0.998014964116659,0.990532905787143,0,3
CG,CG_sub_20240218102650_KAWEJVK7WP2G.md,6549,0.998014964116659,0.990532905787143,0,3
CG,CG_sub_20240218103223_6E3EYG72TQWJ.md,12049,0.9995020333637646,0.983899078761723,0,3
CG,CG_sub_20240223110924_C73KYPS42WOT.md,6806,0.9994122832794593,0.9844255069056714,0,2
CG,CG_sub_20240225123141_MHTEFOQ7QUUH.md,6483,0.9998457504241863,0.9881227826623477,0,5
CG,CG_sub_20240226093620_JIXDAJMG6KV5.md,13355,0.9985024335454886,0.9838262822912767,0,3
CG,CG_sub_20240226231222_XAWEYNJYHLSN.md,6549,0.998014964116659,0.990532905787143,0,3
CG,CG_sub_20240227012415_47V57BY43GMG.md,6549,0.998014964116659,0.990532905787143,0,3
CG,CG_sub_20240228195516_FCPXKZWDL253.md,10636,0.9997179390748402,0.9828883038736367,0,3
CG,CG_sub_20240304154108_ZVPBINKXHGFR.md,10636,0.9997179390748402,0.9828883038736367,0,3
CG,CG_sub_20240318101035_TFZEKYYZMX4L.md,10636,0.9997179390748402,0.9828883038736367,0,3
CG,CG_sub_20240319124916_OWZLAHLZC6V7.md,13355,0.9985024335454886,0.9838262822912767,0,3
CG,CG_sub_20240321090148_AASFVL673ZR6.md,10636,0.9997179390748402,0.9828883038736367,0,3
CG,CG_sub_20240321180020_SPODF6VLA2QY.md,13355,0.9985024335454886,0.9838262822912767,0,3
CG,CG_sub_20240325121422_BVAT44IIY5TT.md,10636,0.9997179390748402,0.9828883038736367,0,3
CG,CG_sub_20240329043946_GFNOXB4QR4QZ.md,6549,0.998014964116659,0.990532905787143,0,3
CG,CG_sub_20240329044922_YCLRN3EMEDYK.md,6806,0.9994122832794593,0.9844255069056714,0,2
CG,CG_sub_20240329050415_Y73UJYN547A4.md,6549,0.998014964116659,0.990532905787143,0,3
CG,CG_sub_20240329051055_UX4HQFORLA3L.md,6806,0.9994122832794593,0.9844255069056714,0,2
CG,CG_sub_20240329060620_R73AOQLAWRGL.md,13355,0.9985024335454886,0.9838262822912767,0,3
CG,CG_sub_20240329061651_FFQLQ6G5UFAJ.md,13355,0.9985024335454886,0.9838262822912767,0,3
CG,CG_sub_20240403002448_BZVLVXSJAP4J.md,4448,0.9991007194244604,0.9955035971223022,0,4
CG,CG_sub_20240403002546_7WKEAVSFQSLC.md,13355,0.9985024335454886,0.9838262822912767,0,3
CG,CG_sub_20240407165911_6YV6CP22R2ZL.md,40404,0.9241906741906742,0.8097713097713097,0,1
CG,CG_sub_20240412060754_I6LTVPNQMMZ7.md,17643,0.999206484158023,0.9870203480133765,0,3
CG,CG_sub_20240413025339_5DAT52IBROXN.md,10636,0.9997179390748402,0.9828883038736367,0,3
CG,CG_sub_20240417212424_CKTJT2HM23DP.md,12055,0.9783492326835338,0.989299046038988,0,3
CG,CG_sub_20240418043459_G2P5YPS343OW.md,6549,0.998014964116659,0.990532905787143,0,3
CG,CG_sub_20240418045233_KICMWQZOFNVR.md,6806,0.9994122832794593,0.9844255069056714,0,2
CG,CG_sub_20240420145837_X3P3C2IOM4HQ.md,18889,0.9856530255704378,0.9912647572661337,0,3
CG,CG_sub_20240423195946_LDHYKU6G2ATN.md,6549,0.998014964116659,0.990532905787143,0,3
CG,CG_sub_20240427041803_WVUNZ6LHGD2B.md,17643,0.999206484158023,0.9870203480133765,0,3
CG,CG_sub_20240430123351_ELMQPIMC3UHA.md,6549,0.998014964116659,0.990532905787143,0,3
CG,CG_sub_20240430130156_2YGYN635LLJ7.md,13724,0.980253570387642,0.9903818128825416,0,3
CG,CG_sub_20240430130156_DC3HWZHZRG7B.md,12829,0.9787980357003664,0.9890872242575415,0,3
CG,CG_sub_20240430130156_OQ6QXJWRNDRZ.md,7703,0.9646890821757756,0.9852005712060237,0,4
CG,CG_sub_20240430130539_CEHJPI5CTNRD.md,6483,0.9998457504241863,0.9881227826623477,0,5
CG,CG_sub_20240509043158_2WCCQERRTKNJ.md,6806,0.9994122832794593,0.9844255069056714,0,2
CG,CG_sub_20240509043202_DWREQAMEJQOL.md,6549,0.998014964116659,0.990532905787143,0,3
CG,CG_sub_20240509110942_7NAAEAJJDTED.md,9873,0.9724501164792869,0.9902765116985719,0,4
CG,CG_sub_20240509134623_CWF47XSGWFDD.md,12049,0.9995020333637646,0.983899078761723,0,3
CG,CG_sub_20240513100857_PUYZFR2MOO3K.md,10943,0.9752353102439916,0.984190806908526,0,3
CG,CG_sub_20240514233048_O6QLUGLHOGH3.md,12829,0.9787980357003664,0.9890872242575415,0,3
CG,CG_sub_20240514233050_RWYIQITCPWI5.md,13724,0.980253570387642,0.9903818128825416,0,3
CG,CG_sub_20240517234959_7772NQNAHGEO.md,13724,0.980253570387642,0.9903818128825416,0,3
CG,CG_sub_20240518003820_CHI3DINCLKGO.md,18889,0.9856530255704378,0.9912647572661337,0,3
CG,CG_sub_20240518005309_VYL3P5RC6ACD.md,20333,0.9866719126543058,0.9911965769930655,0,3
CG,CG_sub_20240520112502_WGT4TOYI2SAT.md,18889,0.9856530255704378,0.9912647572661337,0,3
CG,CG_sub_20240520183918_ZV23XQURKOAG.md,7703,0.9646890821757756,0.9852005712060237,0,4
CG,CG_sub_20240521231155_YWENBOWJHV4W.md,9761,0.9722364511832804,0.992418809548202,0,2
CG,CG_sub_20240523153326_IORLQH747FP4.md,12829,0.9787980357003664,0.9890872242575415,0,3
CG,CG_sub_20240530015827_N5JK3ZTA4QZ7.md,7703,0.9646890821757756,0.9852005712060237,0,4
CG,CG_sub_20240606130503_TRXVZS6ZHYXW.md,18889,0.9856530255704378,0.9912647572661337,0,3
CG,CG_sub_20240611213827_B5F2OELFY5GC.md,18889,0.9856530255704378,0.9912647572661337,0,3
CG,CG_sub_20240611225506_4ZRE7V74DLJQ.md,10943,0.9752353102439916,0.984190806908526,0,3
CG,CG_sub_20240613010631_FRIER5HGPAVJ.md,12829,0.9787980357003664,0.9890872242575415,0,3
CG,CG_sub_20240613032359_SLR7YEIYRPUI.md,12829,0.9787980357003664,0.9890872242575415,0,3
CG,CG_sub_20240613071203_ZW23SR4T6Q6D.md,9761,0.9722364511832804,0.992418809548202,0,2
CG,CG_sub_20240614071917_V4QOHIK6Q5TL.md,9873,0.9724501164792869,0.9902765116985719,0,4
CG,CG_sub_20240614075527_25HVQPLPLATI.md,5119,0.9464739206876343,0.9927720257862864,0,4
CG,CG_sub_20240617125536_U6DMYOL36NXV.md,18889,0.9856530255704378,0.9912647572661337,0,3
CG,CG_sub_20240622012455_ZQXIWRIGFJB6.md,13724,0.980253570387642,0.9903818128825416,0,3
CG,CG_sub_20240624205736_ZEYISJFUY2OI.md,13724,0.980253570387642,0.9903818128825416,0,3
CG,CG_sub_20240706202647_6V6PYFZYPNLO.md,9761,0.9722364511832804,0.992418809548202,0,2
CG,CG_sub_20240709202103_B6DBBXMMLOUI.md,10943,0.9752353102439916,0.984190806908526,0,3
CG,CG_sub_20240710032929_QQBG4QAE5L7A.md,18889,0.9856530255704378,0.9912647572661337,0,3
CG,CG_sub_20240712140925_JJLEK2PB3IHL.md,5119,0.9464739206876343,0.9927720257862864,0,4
CG,CG_sub_20240714035359_KN4PX5WSU2IS.md,5119,0.9464739206876343,0.9927720257862864,0,4
CG,CG_sub_20240715191030_P35DG2OP5LD4.md,20333,0.9866719126543058,0.9911965769930655,0,3
CG,CG_sub_20240716044445_BJPGZ4WNGU6T.md,10943,0.9752353102439916,0.984190806908526,0,3
CG,CG_sub_20240716103647_F6Y6Q2VNW52D.md,12829,0.9787980357003664,0.9890872242575415,0,3
CG,CG_sub_20240716103647_UAN63FMTQNXB.md,20333,0.9866719126543058,0.9911965769930655,0,3
CG,CG_sub_20240717023213_EWPSXTPOU7IJ.md,9873,0.9724501164792869,0.9902765116985719,0,4
CG,CG_sub_20240717135134_A5CRJMNUXZQL.md,13724,0.980253570387642,0.9903818128825416,0,3
CG,CG_sub_20240717135134_AIKIQUJX6MU5.md,9873,0.9724501164792869,0.9902765116985719,0,4
CG,CG_sub_20240717141650_FASCHT7KNZNI.md,5119,0.9464739206876343,0.9927720257862864,0,4
CG,CG_sub_20240718042144_SFPSQG2PLHTV.md,18889,0.9856530255704378,0.9912647572661337,0,3
CG,CG_sub_20240723094008_J57LIV4WXUF2.md,10943,0.9752353102439916,0.984190806908526,0,3
CG,CG_sub_20240729090807_M4STRENJSUB5.md,20333,0.9866719126543058,0.9911965769930655,0,3
CG,CG_sub_20240803215540_CY2WSEONCS6A.md,10943,0.9752353102439916,0.984190806908526,0,3
CG,CG_sub_20240804142951_KWPGOI7RG55B.md,7703,0.9646890821757756,0.9852005712060237,0,4
CG,CG_sub_20240805035417_UEX4UQ7GUTP7.md,13724,0.980253570387642,0.9903818128825416,0,3
CG,CG_sub_20240806021005_L55UBRP4Q7RH.md,18889,0.9856530255704378,0.9912647572661337,0,3
CG,CG_sub_20240807171804_TPKATTCKJ4UI.md,20333,0.9866719126543058,0.9911965769930655,0,3
CG,CG_sub_20240808184456_HUP3RPYEV4XZ.md,20333,0.9866719126543058,0.9911965769930655,0,3
CG,CG_sub_20240811182134_I6GLVT474TA7.md,13724,0.980253570387642,0.9903818128825416,0,3
CG,CG_sub_20240814070737_RG6RAAINSPC2.md,18889,0.9856530255704378,0.9912647572661337,0,3
CG,CG_sub_20240815095318_QJJGPFDSWZQW.md,20333,0.9866719126543058,0.9911965769930655,0,3
CG,CG_sub_20240818161700_SYQFXCH3MKM5.md,20333,0.9866719126543058,0.9911965769930655,0,3
CG,CG_sub_20240819220117_BPYLCZ4HCJSW.md,10943,0.9752353102439916,0.984190806908526,0,3
CG,CG_sub_20240821125221_JZT5HCWBQMFO.md,18889,0.9856530255704378,0.9912647572661337,0,3
CG,CG_sub_20240822082313_3JKMTVC24CUX.md,9761,0.9722364511832804,0.992418809548202,0,2
CG,CG_sub_20240822174843_XLCIJREYBU3E.md,18889,0.9856530255704378,0.9912647572661337,0,3
CG,CG_sub_20240824065022_HVFIR2FNEZCE.md,5119,0.9464739206876343,0.9927720257862864,0,4
CG,CG_sub_20240827081103_FI4WRAY4FQMF.md,20333,0.9866719126543058,0.9911965769930655,0,3
CG,CG_sub_20240828173205_WMZZA2ZFEO4D.md,13724,0.980253570387642,0.9903818128825416,0,3
CG,CG_sub_20240829222314_ZJ6QWJD4GZPX.md,9761,0.9722364511832804,0.992418809548202,0,2
CG,CG_sub_20240831033325_ZAMMU6YQNYC6.md,23596,0.9181217155450077,0.8086540091540939,0,1
CG,CG_sub_20240831225012_7YA3EMEGXLWU.md,13724,0.980253570387642,0.9903818128825416,0,3
CG,CG_sub_20240901171326_JIS5XHFFOBQU.md,7703,0.9646890821757756,0.9852005712060237,0,4
CG,CG_sub_20240906191407_XEVZ4TAKV7US.md,10943,0.9752353102439916,0.984190806908526,0,3
CG,CG_sub_20240910122544_OLXYWLYHGOBC.md,9761,0.9722364511832804,0.992418809548202,0,2
CG,CG_sub_20240910212849_OE2I5CE5DTK7.md,20669,0.9208960278678213,0.8041027625913203,0,1
CG,CG_sub_20240915131518_LP3VWQRZBKJY.md,18888,0.9856522659889877,0.9912642947903431,0,3
CG,CG_sub_20240917111005_ZLU63P2WA2KV.md,10943,0.9752353102439916,0.984190806908526,0,3
CG,CG_sub_20240917202208_WBQXWYIRFGGV.md,20333,0.9866719126543058,0.9911965769930655,0,3
CG,CG_sub_20240920154647_GGYFWK4IQHK5.md,9873,0.9724501164792869,0.9902765116985719,0,4
CG,CG_sub_20240921043747_A2PLT2UVTV4S.md,7703,0.9646890821757756,0.9852005712060237,0,4
CG,CG_sub_20240923174033_ZM6HIKIRNDWV.md,12824,0.9787897691827823,0.9890829694323144,0,3
CG,CG_sub_20240923174047_2KQQYJHFFWEB.md,5119,0.9464739206876343,0.9927720257862864,0,4
CG,CG_sub_20240924222917_WGNYAPFOVVBN.md,9761,0.9722364511832804,0.992418809548202,0,2
CG,CG_sub_20240926113437_NJIRPY6SR74C.md,20333,0.9866719126543058,0.9911965769930655,0,3
CG,CG_sub_20240926143611_7GH7V46Y5TTJ.md,9873,0.9724501164792869,0.9902765116985719,0,4
CG,CG_sub_20240926163714_NKVFI3C3E5ZN.md,13724,0.980253570387642,0.9903818128825416,0,3
CG,CG_sub_20240926170221_RMCGHJCQSO6M.md,18888,0.9856522659889877,0.9912642947903431,0,3
CG,CG_sub_20240926201334_VMGCIPQIGEB6.md,9873,0.9724501164792869,0.9902765116985719,0,4
CG,CG_sub_20240926203338_AHGAYXRKBMYN.md,7703,0.9646890821757756,0.9852005712060237,0,4
CG,CG_sub_20240926204318_APBFLD2JPPS5.md,9761,0.9722364511832804,0.992418809548202,0,2
CG,CG_sub_20240927122844_YUXSKKTIYNH7.md,20333,0.9866719126543058,0.9911965769930655,0,3
CG,CG_sub_20240927125150_YHJ2UTO6FC67.md,9873,0.9724501164792869,0.9902765116985719,0,4
CG,CG_sub_20240927125513_2L7DVANFXXOC.md,12824,0.9787897691827823,0.9890829694323144,0,3
CG,CG_sub_20240927133748_KQQKNG2QMY4H.md,9761,0.9722364511832804,0.992418809548202,0,2
CG,CG_sub_20240927140028_JA2NACAMODAA.md,13724,0.980253570387642,0.9903818128825416,0,3
CG,CG_sub_20240928085712_AL52GEPWRDZ6.md,5119,0.9464739206876343,0.9927720257862864,0,4
CG,CG_sub_20241002184204_MG7CTPSJ4ZL3.md,13724,0.980253570387642,0.9903818128825416,0,3
CG,CG_sub_20241002184348_YBAVOY3TDP33.md,9873,0.9724501164792869,0.9902765116985719,0,4
CG,CG_sub_20241002184350_5QQD2ORX566J.md,9761,0.9722364511832804,0.992418809548202,0,2
CG,CG_sub_20241002194438_6TMG273NPOER.md,9873,0.9724501164792869,0.9902765116985719,0,4
CG,CG_sub_20241005153020_MZ43F7ZGOQVT.md,10943,0.9752353102439916,0.984190806908526,0,3
CG,CG_sub_20241006175538_OFS5UVJFWRVT.md,12824,0.9787897691827823,0.9890829694323144,0,3
CG,CG_sub_20241007114825_BKVIDMHMH27P.md,5119,0.9464739206876343,0.9927720257862864,0,4
CG,CG_sub_20241007232009_CKIVLOBNNHII.md,9761,0.9722364511832804,0.992418809548202,0,2
CG,CG_sub_20241007232017_YAGCF6W4RYJQ.md,9873,0.9724501164792869,0.9902765116985719,0,4
CG,CG_sub_20241007234018_JNPX7KBUYAD2.md,7703,0.9646890821757756,0.9852005712060237,0,4
CG,CG_sub_20241008003254_SEPQ2F7LPZ7C.md,9761,0.9722364511832804,0.992418809548202,0,2
CG,CG_sub_20241008022223_OGPZOQ3JBXPT.md,20333,0.9866719126543058,0.9911965769930655,0,3
CG,CG_sub_20241008172431_GF6BVLJF5HE5.md,7703,0.9646890821757756,0.9852005712060237,0,4
CG,CG_sub_20241009190537_6VB5BL3G7GAQ.md,9873,0.9724501164792869,0.9902765116985719,0,4
CG,CG_sub_20241010195327_JNMQDCV6NBOU.md,18888,0.9856522659889877,0.9912642947903431,0,3
CG,CG_sub_20241014193852_U54KXN6JQ76B.md,21870,0.9245999085505259,0.803840877914952,0,1
CG,CG_sub_20241021222200_BQBED3GNSDON.md,5119,0.9464739206876343,0.9927720257862864,0,4
CG,CG_sub_20241021234523_AS5CFJBLLEKU.md,7703,0.9646890821757756,0.9852005712060237,0,4
CG,CG_sub_20241022075056_RWHPRN26CV7I.md,10943,0.9752353102439916,0.984190806908526,0,3
CG,CG_sub_20241024095028_MMVDWG32UNXK.md,13724,0.980253570387642,0.9903818128825416,0,3
CG,CG_sub_20241025052535_SNQUMNAMQYDQ.md,9761,0.9722364511832804,0.992418809548202,0,2
CG,CG_sub_20241027043313_47BG3WWVTEM6.md,5119,0.9464739206876343,0.9927720257862864,0,4
CG,CG_sub_20241027064629_CGYDZ4XCT4UA.md,18888,0.9856522659889877,0.9912642947903431,0,3
CG,CG_sub_20241102025710_YPI72NNC32UN.md,18888,0.9856522659889877,0.9912642947903431,0,3
CG,CG_sub_20241102214918_VX2FXMYCYYQ7.md,9761,0.9722364511832804,0.992418809548202,0,2
CG,CG_sub_20241103021541_EFVPCBGZBAYJ.md,13724,0.980253570387642,0.9903818128825416,0,3
CG,CG_sub_20241103045205_C7HFAEQUKC5U.md,12824,0.9787897691827823,0.9890829694323144,0,3
CG,CG_sub_20241115192652_HBI4A5AF5CQD.md,13724,0.980253570387642,0.9903818128825416,0,3
CG,CG_sub_20241117224959_Y6BTNY4OCQAL.md,9873,0.9724501164792869,0.9902765116985719,0,4
CG,CG_sub_20241119152930_RHVUY2T3TUQ3.md,13724,0.980253570387642,0.9903818128825416,0,3
CG,CG_sub_20241122192352_3GHPKVPDJXMF.md,9761,0.9722364511832804,0.992418809548202,0,2
CG,CG_sub_20241123060525_V2HY6I5VKNKL.md,5119,0.9464739206876343,0.9927720257862864,0,4
CG,CG_sub_20241126024330_YOOB24RJNDQJ.md,18888,0.9856522659889877,0.9912642947903431,0,3
CG,CG_sub_20241126215509_ZOFAAVMD6FLN.md,12824,0.9787897691827823,0.9890829694323144,0,3
CG,CG_sub_20241127005144_5VNALNY5CEQ2.md,18888,0.9856522659889877,0.9912642947903431,0,3
CG,CG_sub_20241127023719_WJVJTCAAUXXF.md,12824,0.9787897691827823,0.9890829694323144,0,3
CG,CG_sub_20241201062944_IM2EB7NWXU46.md,20333,0.9866719126543058,0.9911965769930655,0,3
CG,CG_sub_20241201091947_CVLQXYI4XKOM.md,9873,0.9724501164792869,0.9902765116985719,0,4
CG,CG_sub_20241212231101_FLB7GXVLTDXP.md,13724,0.980253570387642,0.9903818128825416,0,3
CG,CG_sub_20241217160713_PQNE2ICT5TC2.md,7703,0.9646890821757756,0.9852005712060237,0,4
CG,CG_sub_20241217205433_TUBOTAHONWHI.md,10943,0.9752353102439916,0.984190806908526,0,3
CG,CG_sub_20241217211600_SPEK5HRSY3MR.md,13724,0.980253570387642,0.9903818128825416,0,3
CG,CG_sub_20241220071233_TZS23SWAISKS.md,20333,0.9866719126543058,0.9911965769930655,0,3
CG,CG_sub_20241220183527_KWGFGT4PHDZO.md,5119,0.9464739206876343,0.9927720257862864,0,4
CG,CG_sub_20241223144000_HXYAHTKQ35DJ.md,5119,0.9464739206876343,0.9927720257862864,0,4
CG,CG_sub_20241224041726_IZKGN5YF7I7S.md,9873,0.9724501164792869,0.9902765116985719,0,4
CG,CG_sub_20241225005916_QWOKFFEUU7BL.md,18888,0.9856522659889877,0.9912642947903431,0,3
CG,CG_sub_20241225131339_PCJVVDSNI6F3.md,7703,0.9646890821757756,0.9852005712060237,0,4
CG,CG_sub_20241226010256_B76U6244MEML.md,9873,0.9724501164792869,0.9902765116985719,0,4
CG,CG_sub_20241226112638_PPXINJOBSOK6.md,13724,0.980253570387642,0.9903818128825416,0,3
CG,CG_sub_20241230132939_K5HNDQPUOY3D.md,20333,0.9866719126543058,0.9911965769930655,0,3
CG,CG_sub_20241231025535_GPVAJJKREDGK.md,12824,0.9787897691827823,0.9890829694323144,0,3
CG,CG_sub_20250103222822_QTNTLDELIAGW.md,10943,0.9752353102439916,0.984190806908526,0,3
CG,CG_sub_20250105093457_CF55CRUT76XN.md,7703,0.9646890821757756,0.9852005712060237,0,4
CG,CG_sub_20250105093616_5PYZY5BONKB4.md,18888,0.9856522659889877,0.9912642947903431,0,3
CG,CG_sub_20250105093713_TRE3LVDHUDPZ.md,9761,0.9722364511832804,0.992418809548202,0,2
CG,CG_sub_20250114125139_4NSLUBPMQ6LH.md,10501,0.999904770974193,0.9844776687934482,0,7
CG,CG_sub_20250114183715_K7JRZ2N4SXCY.md,12382,0.9998384752059442,0.9895008883863673,0,7
CG,CG_sub_20250117190359_DDAI5KYIBY3R.md,9431,0.9997879334110911,0.9908811366769166,0,7
CG,CG_sub_20250118003948_RVSP5K5S32GO.md,7261,0.9997245558463022,0.9856769040077125,0,7
CG,CG_sub_20250121184156_AKSHPOJTLMSN.md,7261,0.9997245558463022,0.9856769040077125,0,7
CG,CG_sub_20250121185100_6DYMJN4VBW3R.md,19891,0.9999497260067367,0.9915036951385049,0,7
CG,CG_sub_20250121185115_FIY3OYWEWLFN.md,7261,0.9997245558463022,0.9856769040077125,0,7
CG,CG_sub_20250121191431_4H2QS2Z5WCKN.md,10501,0.999904770974193,0.9844776687934482,0,7
CG,CG_sub_20250122090121_4BFY4JUG2YFU.md,18445,0.9999457847655191,0.9915966386554622,0,7
CG,CG_sub_20250122194140_LVQ3TERPM6ZT.md,13282,0.999924710134016,0.9908146363499473,0,7
CG,CG_sub_20250126230548_PORNFISQSSV5.md,9431,0.9997879334110911,0.9908811366769166,0,7
CG,CG_sub_20250127091540_MO4C5DGDHP7H.md,7261,0.9997245558463022,0.9856769040077125,0,7
CG,CG_sub_20250127101634_GQS6YLC6NBYH.md,10501,0.999904770974193,0.9844776687934482,0,7
CG,CG_sub_20250127103226_MAVQFZYKKHEM.md,19891,0.9999497260067367,0.9915036951385049,0,7
CG,CG_sub_20250127103611_ULRSTVAWTFA2.md,12382,0.9998384752059442,0.9895008883863673,0,7
CG,CG_sub_20250130113734_SGRVZ5PLXRLE.md,9431,0.9997879334110911,0.9908811366769166,0,7
CG,CG_sub_20250130123855_TLA44FVPJGNV.md,9319,0.9998926923489645,0.9931323103337268,0,6
CG,CG_sub_20250130133452_VD2JV6CEY3BH.md,12382,0.9998384752059442,0.9895008883863673,0,7
CG,CG_sub_20250131082013_RUONSE2OELHV.md,9431,0.9997879334110911,0.9908811366769166,0,7
CG,CG_sub_20250131082656_S2HF75XA26ZA.md,19891,0.9999497260067367,0.9915036951385049,0,7
CG,CG_sub_20250203191204_E5QSZN7QJIIB.md,19891,0.9999497260067367,0.9915036951385049,0,7
CG,CG_sub_20250203191401_YSJ7AVVTGVTJ.md,10501,0.999904770974193,0.9844776687934482,0,7
CG,CG_sub_20250205052810_MGW6HFMIKD46.md,12382,0.9998384752059442,0.9895008883863673,0,7
CG,CG_sub_20250207160844_Z63SAQVGHE2D.md,9339,0.9998929221544063,0.9931470178820002,0,6
CG,CG_sub_20250208031037_7BHRZDU2S6F6.md,19911,0.9999497765054493,0.9915122294209231,0,7
CG,CG_sub_20250208052335_P4LWCR4WGXLA.md,7281,0.9997253124570801,0.9857162477681637,0,7
CG,CG_sub_20250209205322_HTDOUI24FT4I.md,9328,0.9998927958833619,0.9931389365351629,0,6
CG,CG_sub_20250213164514_6BCA5YDPEVFJ.md,18455,0.9999458141425088,0.9916011920888648,0,7
CG,CG_sub_20250217152105_H2DYZWEGOL2O.md,10520,0.9999049429657795,0.9845057034220532,0,7
CG,CG_sub_20250221021221_DIUWRMDTAPUP.md,13291,0.999924761116545,0.9908208562184937,0,7
CG,CG_sub_20250221021412_QNXQWJMM33VE.md,7280,0.9997252747252747,0.9857142857142858,0,7
CG,CG_sub_20250221021739_VL76QSJDSLUO.md,7280,0.9997252747252747,0.9857142857142858,0,7
CG,CG_sub_20250221021958_2QE7AL5F2WEF.md,9338,0.9998929106875134,0.9931462840008567,0,6
CG,CG_sub_20250221022121_QFQQAIDBH4A3.md,19911,0.9999497765054493,0.9915122294209231,0,7
CG,CG_sub_20250221210255_7HLP6PDVHAYA.md,13302,0.9999248233348369,0.9908284468500977,0,7
CG,CG_sub_20250226155807_DRLEFORLLZAS.md,18466,0.9999458464204484,0.9916061951695007,0,7
CG,CG_sub_20250227155441_SXTTG6URN6OF.md,12402,0.9998387356877922,0.989517819706499,0,7
CG,CG_sub_20250302045440_AO273Y4CHWNO.md,12401,0.9998387226836546,0.9895169744375454,0,7
CG,CG_sub_20250303145327_KQJEU4OSWWL3.md,18466,0.9999458464204484,0.9916061951695007,0,7
CG,CG_sub_20250304002646_B2RXGHZQU77Q.md,13291,0.999924761116545,0.9908208562184937,0,7
CG,CG_sub_20250305213644_MZVN62TV2NOS.md,10521,0.9999049520007603,0.9845071761239426,0,7
CG,CG_sub_20250307195539_G64PMVFQOF3H.md,18455,0.9999458141425088,0.9916011920888648,0,7
CG,CG_sub_20250310000137_BHT2QYCAKSG4.md,13302,0.9999248233348369,0.9908284468500977,0,7
CG,CG_sub_20250310032937_PY7CJ2YAKUZN.md,10521,0.9999049520007603,0.9845071761239426,0,7
CG,CG_sub_20250311162116_T4SKHS2GHE4G.md,18466,0.9999458464204484,0.9916061951695007,0,7
CG,CG_sub_20250311234305_ZWKVETZ4QE5C.md,7281,0.9997253124570801,0.9857162477681637,0,7
CG,CG_sub_20250313022957_4Z4IPARJNH74.md,19900,0.9999497487437186,0.9915075376884422,0,7
CG,CG_sub_20250315195431_GL5PK5AQUUYA.md,12401,0.9998387226836546,0.9895169744375454,0,7
CG,CG_sub_20250316030341_KRF4RY7U7DTX.md,12402,0.9998387356877922,0.989517819706499,0,7
CG,CG_sub_20250316030616_DJA3XZ7NSXHA.md,12402,0.9998387356877922,0.989517819706499,0,7
CG,CG_sub_20250317150620_LYONBV2QDSA3.md,9339,0.9998929221544063,0.9931470178820002,0,6
CG,CG_sub_20250317205206_4EII4HBYWCBZ.md,13282,0.999924710134016,0.9908146363499473,0,7
CG,CG_sub_20250319104144_Q4H4ZDFE4YSA.md,19890,0.9999497234791352,0.9915032679738562,0,7
CG,CG_sub_20250321043252_UZFR2BTCEU75.md,12382,0.9998384752059442,0.9895008883863673,0,7
CG,CG_sub_20250323001654_ILIXVYHNXHA4.md,10501,0.999904770974193,0.9844776687934482,0,7
CG,CG_sub_20250329185810_GXNZ4KFL6F2I.md,7261,0.9997245558463022,0.9856769040077125,0,7
CG,CG_sub_20250329194055_PL76CWNJF5BW.md,19891,0.9999497260067367,0.9915036951385049,0,7
CG,CG_sub_20250330162824_BPZNLXHDRGTT.md,19891,0.9999497260067367,0.9915036951385049,0,7
CG,CG_sub_20250401031248_GNUPJEY2D2TE.md,9319,0.9998926923489645,0.9931323103337268,0,6
CG,CG_sub_20250401082039_CYVN7WPPSOP5.md,9431,0.9997879334110911,0.9908811366769166,0,7
CG,CG_sub_20250401123724_SRV2OPSZXNAB.md,19891,0.9999497260067367,0.9915036951385049,0,7
CG,CG_sub_20250401211312_XMCLKAHMIKU7.md,13282,0.999924710134016,0.9908146363499473,0,7
CG,CG_sub_20250402201804_J4L67XPI35B7.md,12382,0.9998384752059442,0.9895008883863673,0,7
CG,CG_sub_20250403195044_T7WWSYH4T3WL.md,7261,0.9997245558463022,0.9856769040077125,0,7
CG,CG_sub_20250404092851_5HXBZNC5QSZQ.md,9431,0.9997879334110911,0.9908811366769166,0,7
CG,CG_sub_20250404134242_2BSBEEFX3QLE.md,18445,0.9999457847655191,0.9915966386554622,0,7
CG,CG_sub_20250405093844_IJA43YIMIQDZ.md,13282,0.999924710134016,0.9908146363499473,0,7
CG,CG_sub_20250414125200_HEN2KKAAUN5R.md,19891,0.9999497260067367,0.9915036951385049,0,7
CG,CG_sub_20250414193327_4MLVRNWH4Y4X.md,12382,0.9998384752059442,0.9895008883863673,0,7
CG,CG_sub_20250414224003_D4S2SQ2VETF6.md,12382,0.9998384752059442,0.9895008883863673,0,7
CG,CG_sub_20250418081017_VM7GZ6ZG6TCN.md,13282,0.999924710134016,0.9908146363499473,0,7
CG,CG_sub_20250418160641_HXO4YX3KVKDA.md,9319,0.9998926923489645,0.9931323103337268,0,6
CG,CG_sub_20250428223853_Z5JK2Y6OHGAC.md,10501,0.999904770974193,0.9844776687934482,0,7
CG,CG_sub_20250430202957_N43VEZT5HAG5.md,12382,0.9998384752059442,0.9895008883863673,0,7
CG,CG_sub_20250430203005_YXBZDZRPZ3AJ.md,19891,0.9999497260067367,0.9915036951385049,0,7
CG,CG_sub_20250430203019_DF2B2MIZJTH4.md,10501,0.999904770974193,0.9844776687934482,0,7
CG,CG_sub_20250430203021_AYKYFMXYS3IG.md,9319,0.9998926923489645,0.9931323103337268,0,6
CG,CG_sub_20250430203056_X5TJMLFVBZBM.md,7261,0.9997245558463022,0.9856769040077125,0,7
CG,CG_sub_20250501043217_LQGKTM6JMWNH.md,9319,0.9998926923489645,0.9931323103337268,0,6
CG,CG_sub_20250501151231_O5IPDUYRIGBZ.md,45681,0.9229657844618112,0.8105777018891881,0,1
CG,CG_sub_20250502000330_2HDO2BGB2AP2.md,9431,0.9997879334110911,0.9908811366769166,0,7
CG,CG_sub_20250502232416_27CXELIN33O7.md,12382,0.9998384752059442,0.9895008883863673,0,7
CG,CG_sub_20250514113018_5MBPGG5DT3AZ.md,41066,0.921687040374032,0.809647883894219,0,1
CG,CG_sub_20250517055032_FLDDLEC3XT2G.md,9338,0.9998929106875134,0.9931462840008567,0,6
CG,CG_sub_20250521185617_N2YCZSBIJKQC.md,19911,0.9999497765054493,0.9915122294209231,0,7
CG,CG_sub_20250524173653_3TRW4ERNXXCL.md,10510,0.9999048525214081,0.9844909609895338,0,7
CG,CG_sub_20250524173653_INIBRKRCQT4C.md,18455,0.9999458141425088,0.9916011920888648,0,7
CG,CG_sub_20250524173654_3XZCYJ4PFBZS.md,13291,0.999924761116545,0.9908208562184937,0,7
CG,CG_sub_20250524173654_ARHP5J5NXHS4.md,9328,0.9998927958833619,0.9931389365351629,0,6
CG,CG_sub_20250524173655_23ORXF5PSU47.md,10510,0.9999048525214081,0.9844909609895338,0,7
CG,CG_sub_20250526202759_HB4A2CMLC4AA.md,18466,0.9999458464204484,0.9916061951695007,0,7
CG,CG_sub_20250526210716_KQNYMKMXE36T.md,19911,0.9999497765054493,0.9915122294209231,0,7
CG,CG_sub_20250529042041_SIX227TYNBPY.md,18465,0.9999458434876793,0.991605740590306,0,7
CG,CG_sub_20250530213213_DNBKF2HI5Q4T.md,18466,0.9999458464204484,0.9916061951695007,0,7
CG,CG_sub_20250531035236_K4F2KKANUUJK.md,7281,0.9997253124570801,0.9857162477681637,0,7
CG,CG_sub_20250602003544_ALRWTBLHBYPR.md,18465,0.9999458434876793,0.991605740590306,0,7
CG,CG_sub_20250605113052_ZTR22ULAA336.md,9451,0.9997883821817797,0.9909004338165274,0,7
CG,CG_sub_20250605140023_UIAEFUWAN2XC.md,18466,0.9999458464204484,0.9916061951695007,0,7
CG,CG_sub_20250606044047_PDFTXBRJNIZB.md,7281,0.9997253124570801,0.9857162477681637,0,7
CG,CG_sub_20250606195327_E5KSYUVHJ6L3.md,18466,0.9999458464204484,0.9916061951695007,0,7
CG,CG_sub_20250609034026_NLYOQ6TTVNKM.md,9339,0.9998929221544063,0.9931470178820002,0,6
CG,CG_sub_20250609034026_UMMFOV7K7ILA.md,7281,0.9997253124570801,0.9857162477681637,0,7
CG,CG_sub_20250613010251_RGZUZODDITUC.md,13297,0.9999247950665564,0.9908249981198767,0,7
CG,CG_sub_20250624223815_UYKEVLG56VDZ.md,13297,0.9999247950665564,0.9908249981198767,0,7
CG,CG_sub_20250630110117_DKLZRKWXPA5H.md,18460,0.9999458288190682,0.9916034669555797,0,7
CG,CG_sub_20250701205114_BKN5HSMZ2AUU.md,10516,0.9999049068086725,0.9844998098136174,0,7
CG,CG_sub_20250709154641_ZCECLZCCITB5.md,9334,0.9998928647953718,0.9931433469037926,0,6
CG,CG_sub_20250709204921_XD747TH527CV.md,9323,0.9998927383889306,0.9931352568915585,0,6
CG,CG_sub_20250710031708_TMYA3C4RWBOX.md,18460,0.9999458288190682,0.9916034669555797,0,7
CG,CG_sub_20250714105723_MO4CU63X6XRL.md,10505,0.9999048072346501,0.9844835792479771,0,7
CG,CG_sub_20250715181456_HXP5GI32T7OU.md,9334,0.9998928647953718,0.9931433469037926,0,6
CG,CG_sub_20250715181456_W7BMDRLQL5AZ.md,12397,0.9998386706461241,0.9895135919980641,0,7
CG,CG_sub_20250724230918_W4XNSZT6JG5Y.md,10491,0.999904680202078,0.9844628729387094,0,7
CG,CG_sub_20250725151741_NPVMS7327AOZ.md,9422,0.9997877308427086,0.9908724262364679,0,7
CG,CG_sub_20250731121619_GCOZXURYEPCD.md,18436,0.9999457582989802,0.9915925363419397,0,7
CG,CG_sub_20250805081240_2POVM23T2RRB.md,12373,0.9998383577143781,0.9894932514345753,0,7
CG,CG_sub_20250805160036_DNMYCINQMMZF.md,18436,0.9999457582989802,0.9915925363419397,0,7
CG,CG_sub_20250805185037_IOYYL2JH34XW.md,9310,0.9998925886143931,0.99312567132116,0,6
CG,CG_sub_20250815014259_NLLUB5FLJXPJ.md,12789,0.9974196575181797,0.9899913988583939,0,7
CG,CG_sub_20250815043854_7EDYOPDDD3P2.md,18330,0.9983633387888707,0.9905073649754501,0,3
CG,CG_sub_20250816035826_G2JT4AWCMKPO.md,12789,0.9974196575181797,0.9899913988583939,0,7
CG,CG_sub_20250816092534_3E2NLWGUD6BY.md,7552,0.9986758474576272,0.9870233050847458,0,5
CG,CG_sub_20250816152304_A5UENDD6VBTS.md,19572,1.0,0.9924381769875332,0,5
CG,CG_sub_20250817031944_55DPWVF2JQKJ.md,6942,0.9998559492941516,0.9880437914145779,0,6
CG,CG_sub_20250819195234_EHQ2QWJOWF6X.md,18330,0.9983633387888707,0.9905073649754501,0,3
CG,CG_sub_20250821180156_XUSIRKEDJBHV.md,18126,1.0,0.9926073044245834,0,5
CG,CG_sub_20250821181426_XSNGCJVIDRIQ.md,8686,0.9981579553304167,0.9897536265254433,0,3
CG,CG_sub_20250826054420_AGNLIVMZXUFA.md,18126,1.0,0.9926073044245834,0,5
CG,CG_sub_20250828214818_CF6K7GPUPC47.md,12963,1.0,0.9922085936897324,0,5
CG,CG_sub_20250831095506_QQXRMYBAHLCF.md,10182,1.0,0.9860538204674917,0,5
CG,CG_sub_20250911201545_EX6QSUMS57PC.md,6942,0.9998559492941516,0.9880437914145779,0,6
CG,CG_sub_20250914171824_FMXC3PGLSMJI.md,7552,0.9986758474576272,0.9870233050847458,0,5
CG,CG_sub_20250915121031_HGSMEGHMLBXD.md,12063,0.9999171018817873,0.9909641051148139,0,5
CG,CG_sub_20250915223559_2QH7ZCBUWECL.md,7096,0.9940811724915445,0.9867531003382187,0,5
CG,CG_sub_20250917054252_HDYDJOUJLHV4.md,15942,0.9986199974909046,0.991531802785096,0,6
CG,CG_sub_20250918021420_CLXYNU7C7HSX.md,7552,0.9986758474576272,0.9870233050847458,0,5
CG,CG_sub_20250922071424_JYPARP2XC3ML.md,7096,0.9940811724915445,0.9867531003382187,0,5
CG,CG_sub_20250925235709_MIF5WIGI4JRX.md,15942,0.9986199974909046,0.991531802785096,0,6
CG,CG_sub_20250927144850_A63JLXYVK2SZ.md,8686,0.9981579553304167,0.9897536265254433,0,3
CG,CG_sub_20251002181139_62UDUGVCHUJK.md,8686,0.9981579553304167,0.9897536265254433,0,3
CG,CG_sub_20251013053639_BEPH4C4J7EY7.md,7096,0.9940811724915445,0.9867531003382187,0,5
CG,CG_sub_20251013053654_ZEOMVADVLHYO.md,7107,0.9940903334740396,0.9867736034895174,0,5
CG,CG_sub_20251015174228_CQXRSBL5TYMJ.md,18126,1.0,0.9926073044245834,0,5
CG,CG_sub_20251019120528_LSZNH3PAA7KV.md,7096,0.9940811724915445,0.9867531003382187,0,5
CG,CG_sub_20251021010311_PTGIJBIIFIFW.md,15942,0.9986199974909046,0.991531802785096,0,6
CG,CG_sub_20251030153322_AYTUL7233HSN.md,8686,0.9981579553304167,0.9897536265254433,0,3
CG,CG_sub_20251030183500_ET3ZDSY33DXN.md,7522,0.9986705663387397,0.991491624567934,0,3
CG,CG_sub_20251030233833_ULCJOAMV7H6M.md,8686,0.9981579553304167,0.9897536265254433,0,3
CG,CG_sub_20251101094354_LQ25Z5O2PN55.md,8686,0.9981579553304167,0.9897536265254433,0,3
CG,CG_sub_20251103225819_JKBOIQGJF7F6.md,12789,0.9974196575181797,0.9899913988583939,0,7
CG,CG_sub_20251107162943_B677JCCHODWN.md,18330,0.9983633387888707,0.9905073649754501,0,3
CG,CG_sub_20251107170703_K535L2P6I6VD.md,8686,0.9981579553304167,0.9897536265254433,0,3
CG,CG_sub_20251112222953_JLGWRJN6FMRC.md,15942,0.9986199974909046,0.991531802785096,0,6
CG,CG_sub_20251114200736_ALY5HARJLT6E.md,12789,0.9974196575181797,0.9899913988583939,0,7
CG,CG_sub_20251115161238_2IJT7IDJUBA7.md,7552,0.9986758474576272,0.9870233050847458,0,5
CG,CG_sub_20251116143706_47XQNET2ZCBP.md,7522,0.9986705663387397,0.991491624567934,0,3
CG,CG_sub_20251116184955_Q3HN5NAVSE5F.md,7522,0.9986705663387397,0.991491624567934,0,3
CG,CG_sub_20251117055102_T4VI2IKM6WNL.md,7552,0.9986758474576272,0.9870233050847458,0,5
CG,CG_sub_20251119023256_ICKC5E2ZZZKI.md,12789,0.9974196575181797,0.9899913988583939,0,7
CG,CG_sub_20251122030828_KROBZNTQLQKT.md,15942,0.9986199974909046,0.991531802785096,0,6
CG,CG_sub_20251122131021_JXJHGC5QGL75.md,8686,0.9981579553304167,0.9897536265254433,0,3
CG,CG_sub_20251127092309_IG3O6ENQROZ6.md,15942,0.9986199974909046,0.991531802785096,0,6
CG,CG_sub_20251129161510_R2JDOAIXUEW4.md,7096,0.9940811724915445,0.9867531003382187,0,5
CG,CG_sub_20251130080047_G5PX43MLQ2VL.md,12789,0.9974196575181797,0.9899913988583939,0,7
CG,CG_sub_20251202085405_Z6B2KXS43RVR.md,7552,0.9986758474576272,0.9870233050847458,0,5
CG,CG_sub_20251203194838_Z7UO24W22PNV.md,18126,1.0,0.9926073044245834,0,5
CG,CG_sub_20251205234134_E4NBZOZWD5CN.md,7107,0.9940903334740396,0.9867736034895174,0,5
CG,CG_sub_20251206083047_U5CWZE2KQ4B2.md,7522,0.9986705663387397,0.991491624567934,0,3
CG,CG_sub_20251207134204_K4ZT2EXKH45U.md,12963,1.0,0.9922085936897324,0,5
CG,CG_sub_20251208170250_HWNAHJKY7GGI.md,7522,0.9986705663387397,0.991491624567934,0,3
CG,CG_sub_20251209193955_HAYNAMIQOVSN.md,18330,0.9983633387888707,0.9905073649754501,0,3
CG,CG_sub_20251209202215_AMUKKSFMJX6I.md,12789,0.9974196575181797,0.9899913988583939,0,7
CG,CG_sub_20251209223351_275QGXKI3XS3.md,10182,1.0,0.9860538204674917,0,5
CG,CG_sub_20251211162613_U4ORMLVVTAAL.md,7096,0.9940811724915445,0.9867531003382187,0,5
CG,CG_sub_20251212053953_4PRNE5DL6YUQ.md,6942,0.9998559492941516,0.9880437914145779,0,6
CG,CG_sub_20251212184406_XSXHZ4WJIKSJ.md,9000,1.0,0.9952222222222222,0,4
CG,CG_sub_20251214142210_GYIY5ADF3HUK.md,8686,0.9981579553304167,0.9897536265254433,0,3
CG,CG_sub_20251214235519_QNRSZTYWL5U4.md,7107,0.9940903334740396,0.9867736034895174,0,5
CG,CG_sub_20251215160054_FDQN2TF3SDOW.md,12789,0.9974196575181797,0.9899913988583939,0,7
CG,CG_sub_20251218000409_GXXL6ES7XJM2.md,7096,0.9940811724915445,0.9867531003382187,0,5
CG,CG_sub_20251218210559_HOIZEAFYBEHG.md,7107,0.9940903334740396,0.9867736034895174,0,5
CG,CG_sub_20251220091211_DEAASEKIT6LE.md,7522,0.9986705663387397,0.991491624567934,0,3
CG,CG_sub_20251222111343_RXJIW3WDZMSA.md,18330,0.9983633387888707,0.9905073649754501,0,3
CG,CG_sub_20251223063100_5FZ45YZQ5BWS.md,7096,0.9940811724915445,0.9867531003382187,0,5
CG,CG_sub_20251224024305_MH5XECIWFQTL.md,15942,0.9986199974909046,0.991531802785096,0,6
CG,CG_sub_20251226082242_55EJDSDXHXUZ.md,12789,0.9974196575181797,0.9899913988583939,0,7
CG,CG_sub_20251228001735_BQWWKBSTF74R.md,7522,0.9986705663387397,0.991491624567934,0,3
CG,CG_sub_20251229081734_XFKEKM6JGCUV.md,7552,0.9986758474576272,0.9870233050847458,0,5
TOS,TOS_20221124004107_7A76RFBIDM4I.md,47229,0.9973956679158992,0.994706642105486,0,8
TOS,TOS_20221125192651_5GKMSLZU4J4L.md,47229,0.9973956679158992,0.994706642105486,0,8
TOS,TOS_20221127102804_V5QFISOJJHRE.md,47229,0.9973956679158992,0.994706642105486,0,8
TOS,TOS_20221130233725_UXE6ESF5AIMM.md,47252,0.9973969355794464,0.9946245661559299,0,8
TOS,TOS_20221201002628_64MQEAHPFJLV.md,47252,0.9973969355794464,0.9946245661559299,0,8
TOS,TOS_20221208201807_OTTMS3BKNHD6.md,47011,0.9973835910744294,0.9947459105315777,0,8
TOS,TOS_20221231235346_HBPM4YEIRBKV.md,47004,0.9973832014296655,0.9947451280742065,0,8
TOS,TOS_20230105183658_UC5HEKIHJCF4.md,47004,0.9973832014296655,0.9947451280742065,0,8
TOS,TOS_20230114170109_QSEMSOS4WK2B.md,47019,0.9973840362406686,0.994746804483294,0,8
TOS,TOS_20230131235957_24VA4B2JJDFW.md,47019,0.9973840362406686,0.994746804483294,0,8
TOS,TOS_20230209033429_YI3PMHVKMMPP.md,47019,0.9973840362406686,0.994746804483294,0,8
TOS,TOS_20230216052827_PLXCSRZ4LTUO.md,47019,0.9973840362406686,0.994746804483294,0,8
TOS,TOS_20230222102647_MXKGWCZDKUCZ.md,46992,0.99738253319714,0.9947437861763705,0,8
TOS,TOS_20230228235547_DY2EAXRFSGPT.md,46992,0.99738253319714,0.9947437861763705,0,8
TOS,TOS_20230301002748_TX4WJFP2RYNH.md,46992,0.99738253319714,0.9947437861763705,0,8
TOS,TOS_20230307185818_SM5EV2M5VFPO.md,46963,0.9973809168920214,0.9947405404254414,0,8
TOS,TOS_20230401000339_NNP7Q6F5PBR7.md,46204,0.9967102415375292,0.9925980434594407,0,8
TOS,TOS_20230509185819_Y5ZVANKDKZEZ.md,55978,0.9976062024366715,0.994515702597449,0,8
TOS,TOS_20230517033520_MSYS7QZLBN63.md,56035,0.9976086374587312,0.9945212813420183,0,8
TOS,TOS_20230525002325_65IDGPYQ7ULP.md,55640,0.9975916606757729,0.9944823867721064,0,8
TOS,TOS_20230531234951_SFDFZGG3NU22.md,55640,0.9975916606757729,0.9944823867721064,0,8
TOS,TOS_20230606062807_6VVQ6WVI6S7P.md,55640,0.9975916606757729,0.9944823867721064,0,8
TOS,TOS_20230619100905_JSWDJACEMVVP.md,55640,0.9975916606757729,0.9944823867721064,0,8
TOS,TOS_20230630234627_CQUD2QPTTEEU.md,55640,0.9975916606757729,0.9944823867721064,0,8
TOS,TOS_20230715083726_AA3DXNDDJVAV.md,43990,0.9972493748579223,0.9943396226415094,0,8
TOS,TOS_20230721003343_V7PBMA57TIWH.md,43990,0.9972493748579223,0.9943396226415094,0,8
TOS,TOS_20230726141941_IX2GVDCU3MQW.md,43990,0.9972493748579223,0.9943396226415094,0,8
TOS,TOS_20230809070617_34UQLH6VQ6QA.md,43662,0.9972287114653474,0.9942971004534836,0,8
TOS,TOS_20230901003648_46A5DY73Y3WZ.md,43606,0.9972251525019493,0.9942897766362427,0,8
TOS,TOS_20230908130607_BVRS3MXYDDVZ.md,43621,0.9972261066917311,0.9942917402168681,0,8
TOS,TOS_20230923105437_NXIYTROFJNW5.md,43606,0.9972251525019493,0.9942897766362427,0,8
TOS,TOS_20230930223550_DOGE7DHIPLF7.md,43606,0.9972251525019493,0.9942897766362427,0,8
TOS,TOS_20231001000351_O5FMYRFXUTBN.md,43606,0.9972251525019493,0.9942897766362427,0,8
TOS,TOS_20231008123105_AZBRPJ5OT3CU.md,43606,0.9972251525019493,0.9942897766362427,0,8
TOS,TOS_20231016025440_XKXIRUGZM6CI.md,43606,0.9972251525019493,0.9942897766362427,0,8
TOS,TOS_20231024055015_RD676I4CM475.md,43616,0.997225788701394,0.9942910858400587,0,8
TOS,TOS_20231031231706_KV7VCPETYS24.md,43606,0.9972251525019493,0.9942897766362427,0,8
TOS,TOS_20231222055759_MW6WAGKZ4ACT.md,43635,0.9972728314426492,0.9943394064397846,0,8
TOS,TOS_20231231235443_LUNLEQ6I2TSR.md,43635,0.9972728314426492,0.9943394064397846,0,8
TOS,TOS_20240101000554_EPIT3DU7UMVM.md,43635,0.9972728314426492,0.9943394064397846,0,8
TOS,TOS_20240108192743_MZXXPVC3N6OH.md,43635,0.9972728314426492,0.9943394064397846,0,8
TOS,TOS_20240124115350_3OWJEVRQ3K2P.md,43635,0.9972728314426492,0.9943394064397846,0,8
TOS,TOS_20240201004700_A3TA4N244QLC.md,43635,0.9972728314426492,0.9943394064397846,0,8
TOS,TOS_20240208135509_QJHQXM4QVKCZ.md,43635,0.9972728314426492,0.9943394064397846,0,8
TOS,TOS_20240223012353_QKEZPSBSKMNH.md,43635,0.9972728314426492,0.9943394064397846,0,8
TOS,TOS_20240229235335_4ZTVDK4TNG54.md,43635,0.9972728314426492,0.9943394064397846,0,8
TOS,TOS_20240301002855_BJTMXSP65WGG.md,43635,0.9972728314426492,0.9943394064397846,0,8
TOS,TOS_20240320181753_QFDDDAINDMV4.md,43635,0.9972728314426492,0.9943394064397846,0,8
TOS,TOS_20240407154209_I55W2UMD4VOM.md,43635,0.9972728314426492,0.9943394064397846,0,8
TOS,TOS_20240501003347_CYTBFSUI7X2V.md,43635,0.9972728314426492,0.9943394064397846,0,8
TOS,TOS_20240517000135_DI3ZZ5ZIQ356.md,43635,0.9972728314426492,0.9943394064397846,0,8
TOS,TOS_20240531232519_BNU3ATSSPDKS.md,43635,0.9972728314426492,0.9943394064397846,0,8
TOS,TOS_20240601001320_NFOVOUOGEUVV.md,43635,0.9972728314426492,0.9943394064397846,0,8
TOS,TOS_20240609031526_2YS4QEFLSHWM.md,43635,0.9972728314426492,0.9943394064397846,0,8
TOS,TOS_20240623222410_TGLYQDCGYVKG.md,43635,0.9972728314426492,0.9943394064397846,0,8
TOS,TOS_20240630235936_2UMBPY62J4B2.md,43675,0.9972753291356611,0.9943445907269605,0,8
TOS,TOS_20240716081052_U2ATQVWHFUIL.md,43675,0.9972753291356611,0.9943445907269605,0,8
TOS,TOS_20240801000940_LFOTM6UE5FND.md,43675,0.9972753291356611,0.9943445907269605,0,8
TOS,TOS_20240808051919_7DJ42VMMTENC.md,43675,0.9972753291356611,0.9943445907269605,0,8
TOS,TOS_20240815190804_7RSXX7Q25BX2.md,43675,0.9972753291356611,0.9943445907269605,0,8
TOS,TOS_20240823071351_YI2O3QFRNXAV.md,43675,0.9972753291356611,0.9943445907269605,0,8
TOS,TOS_20240908140609_G2QIQUADGFG7.md,43675,0.9972753291356611,0.9943445907269605,0,8
TOS,TOS_20240915080643_PU63WK72KIRX.md,43604,0.9972708925786625,0.994335382075039,0,8
TOS,TOS_20240922221521_NKWKUAZFSKCH.md,43604,0.9972708925786625,0.994335382075039,0,8
TOS,TOS_20241001002206_HLHCEYT4GZED.md,43604,0.9972708925786625,0.994335382075039,0,8
TOS,TOS_20241003170339_42KLFZ5GQH6E.md,43604,0.9972708925786625,0.994335382075039,0,8
TOS,TOS_20241006162848_KWVTL27DHIVL.md,43604,0.9972708925786625,0.994335382075039,0,8
TOS,TOS_20241031222710_MH4N44HC2Z4Y.md,43604,0.9972708925786625,0.994335382075039,0,8
TOS,TOS_20241124041631_PNVVL4DKZIZA.md,43604,0.9972708925786625,0.994335382075039,0,8
TOS,TOS_20241216215128_TV5BTRDQNJJ6.md,43605,0.997270955165692,0.9943355119825708,0,8
TOS,TOS_20241223154658_TEZPNFJBY3Q6.md,43605,0.997270955165692,0.9943355119825708,0,8
TOS,TOS_20250101034425_BJRI2EXA2NVQ.md,43621,0.9972719561679008,0.9943375896930378,0,8
TOS,TOS_20250109205752_NDAQRESAY3TJ.md,43621,0.9972719561679008,0.9943375896930378,0,8
TOS,TOS_20250116151803_AQ5YBLS3AM2R.md,43621,0.9972719561679008,0.9943375896930378,0,8
TOS,TOS_20250131235242_N2QGXMP7VWWD.md,43621,0.9972719561679008,0.9943375896930378,0,8
TOS,TOS_20250206131330_DOWBRUBAE73G.md,46225,0.9967117360735532,0.9926014061654949,0,8
TOS,TOS_20250211220242_THYDNJ5M4OKH.md,43641,0.9972732063884879,0.9943401846887101,0,8
TOS,TOS_20250228204346_WKLLYZWO6UIU.md,43641,0.9972732063884879,0.9943401846887101,0,8
TOS,TOS_20250316223749_JMQBSDP7OL4T.md,43641,0.9972732063884879,0.9943401846887101,0,8
TOS,TOS_20250324034501_32BNJGRMNQJG.md,43621,0.9972719561679008,0.9943375896930378,0,8
TOS,TOS_20250331212101_BO6QZK3JZQ6F.md,43621,0.9972719561679008,0.9943375896930378,0,8
TOS,TOS_20250401040339_3V3LUYN23U42.md,43621,0.9972719561679008,0.9943375896930378,0,8
TOS,TOS_20250422225704_F7SXIW4SE7S7.md,43621,0.9972719561679008,0.9943375896930378,0,8
TOS,TOS_20250430125219_T6KPMFRQ74PH.md,43621,0.9972719561679008,0.9943375896930378,0,8
TOS,TOS_20250501001852_PODLAPRGSANR.md,43621,0.9972719561679008,0.9943375896930378,0,8
TOS,TOS_20250504152827_CP5TN4B2LGNP.md,46214,0.9967109533907474,0.9925996451291816,0,8
TOS,TOS_20250509185046_7BVU7562SEYM.md,46225,0.9967117360735532,0.9926014061654949,0,8
TOS,TOS_20250529235948_OCI5PNECNBJA.md,43605,0.997270955165692,0.9943355119825708,0,8
TOS,TOS_20250602000531_UR42HJWTQVJA.md,43605,0.997270955165692,0.9943355119825708,0,8
TOS,TOS_20250612000211_NPMQKSNZQBAZ.md,45727,0.9966977934262033,0.9929800774159687,0,8
TOS,TOS_20250616011717_C3GQL6SLFRAZ.md,43123,0.9972636412123461,0.9947591772372052,0,8
TOS,TOS_20250629235002_GYARPGDT66C3.md,43636,0.9972728939407829,0.9943395361628014,0,8
TOS,TOS_20250721192227_BMITKWYU7OPU.md,43123,0.9972636412123461,0.9947591772372052,0,8
TOS,TOS_20250813034337_TKSLI3H3RAGD.md,43123,0.9972636412123461,0.9947591772372052,0,8
TOS,TOS_20250824194555_ERILSJOCTTSK.md,43123,0.9972636412123461,0.9947591772372052,0,8
TOS,TOS_20250830052252_2K2P7IQM7ERW.md,43123,0.9972636412123461,0.9947591772372052,0,8
TOS,TOS_20250902134022_WOMFHKS3M4G2.md,43123,0.9972636412123461,0.9947591772372052,0,8
TOS,TOS_20250915123428_ULWBSKQGA4SA.md,43123,0.9972636412123461,0.9947591772372052,0,8
TOS,TOS_20250930201928_AAI75RWNIKP6.md,43123,0.9972636412123461,0.9947591772372052,0,8
TOS,TOS_20251005181342_RENM37DHGSJ7.md,43123,0.9972636412123461,0.9947591772372052,0,8
TOS,TOS_20251011015038_WJ3375PRCGIM.md,43123,0.9972636412123461,0.9947591772372052,0,8
TOS,TOS_20251031212015_6ZHMAAMRUIDU.md,45727,0.9966977934262033,0.9929800774159687,0,8
TOS,TOS_20251105183328_V73RS2L63Z3L.md,43123,0.9972636412123461,0.9947591772372052,0,8
TOS,TOS_20251116173234_QY2G4ZBSBVL6.md,14731,0.9172493381304732,0.8122327065372345,0,1
TOS,TOS_20251124031138_BHUUAST2ATDS.md,43123,0.9972636412123461,0.9947591772372052,0,8
TOS,TOS_20251213064953_VKSNKSLJJNOU.md,49617,0.996956688231856,0.9933490537517383,0,8
TOS,TOS_20251230072716_4ACJMNUNKCR4.md,43123,0.9972636412123461,0.9947591772372052,0,8
TRANS,TRANS_20200728090448_XTYSZHMYYWHT.md,7223,0.9982001938252804,0.9916932022705247,0,8
TRANS,TRANS_20200805230829_AQHJJI37E3WE.md,7393,0.9982415798728527,0.9918842147977817,0,8
TRANS,TRANS_20200903161212_457XKLVMGVNC.md,7393,0.9982415798728527,0.9918842147977817,0,8
TRANS,TRANS_20200914033323_VQ65VTPZPHEO.md,7515,0.9982701264138389,0.9920159680638723,0,8
TRANS,TRANS_20200916203140_4LT3XMS4VMW6.md,7515,0.9982701264138389,0.9920159680638723,0,8
TRANS,TRANS_20201001124659_T4YJLLUETFTG.md,7583,0.9982856389291836,0.9920875642885402,0,8
TRANS,TRANS_20201011053604_LYB577ILYLWE.md,7583,0.9982856389291836,0.9920875642885402,0,8
TRANS,TRANS_20201215155311_VB7LT3LZPSQM.md,7583,0.9982856389291836,0.9920875642885402,0,8
TRANS,TRANS_20201218153220_JDWJQNMTKRAC.md,7583,0.9982856389291836,0.9920875642885402,0,8
TRANS,TRANS_20201223235320_VIC35GBJNFHK.md,7583,0.9982856389291836,0.9920875642885402,0,8
TRANS,TRANS_20201225063728_KHNU3LTPRHMN.md,7583,0.9982856389291836,0.9920875642885402,0,8
TRANS,TRANS_20201231035014_RWY4KODDSEAI.md,7583,0.9982856389291836,0.9920875642885402,0,8
TRANS,TRANS_20210208160114_Z5NGUAPVSVEO.md,7574,0.9982836017956166,0.992078162133615,0,8
TRANS,TRANS_20210213230159_FID7YKVB5LC5.md,7574,0.9982836017956166,0.992078162133615,0,8
TRANS,TRANS_20210218045237_ASJLAL3GTOMO.md,7574,0.9982836017956166,0.992078162133615,0,8
TRANS,TRANS_20210228041902_5N6WU67H2U7I.md,7574,0.9982836017956166,0.992078162133615,0,8
TRANS,TRANS_20210302134512_4PGI5NBVD5QX.md,7641,0.9982986520088993,0.9921476246564586,0,8
TRANS,TRANS_20210318144234_QOREIQMBKKXC.md,7641,0.9982986520088993,0.9921476246564586,0,8
TRANS,TRANS_20210325062809_T2YP64M3M3SN.md,7641,0.9982986520088993,0.9921476246564586,0,8
TRANS,TRANS_20210331222526_OVFCSAKYBPCG.md,7642,0.9982988746401465,0.9921486521852918,0,8
TRANS,TRANS_20210514182856_YE36365ANUFE.md,7642,0.9982988746401465,0.9921486521852918,0,8
TRANS,TRANS_20210603004748_LBKFY3AK6AJG.md,7642,0.9982988746401465,0.9921486521852918,0,8
TRANS,TRANS_20210623044835_7ZIPR6BNLEPX.md,7642,0.9982988746401465,0.9921486521852918,0,8
TRANS,TRANS_20210701141755_2CSTNS6EJYQG.md,7695,0.9983105912930474,0.9922027290448343,0,8
TRANS,TRANS_20210707195203_6K5T3X62VFMM.md,7695,0.9983105912930474,0.9922027290448343,0,8
TRANS,TRANS_20210723015222_ORM5MLFW5YRF.md,7695,0.9983105912930474,0.9922027290448343,0,8
TRANS,TRANS_20210803013620_WA6W723CXSKF.md,7695,0.9983105912930474,0.9922027290448343,0,8
TRANS,TRANS_20210815005145_UTQ4PXMWM5S6.md,7695,0.9983105912930474,0.9922027290448343,0,8
TRANS,TRANS_20210825011215_Y3BJF6QEYVIU.md,7695,0.9983105912930474,0.9922027290448343,0,8
TRANS,TRANS_20210831091428_A2XCD6YYM2FY.md,7695,0.9983105912930474,0.9922027290448343,0,8
TRANS,TRANS_20210901171726_QNSME4ENP5SN.md,7695,0.9983105912930474,0.9922027290448343,0,8
TRANS,TRANS_20210911173904_DOQSEA23JULD.md,7695,0.9983105912930474,0.9922027290448343,0,8
TRANS,TRANS_20210923033440_2M7RN6Z4WPR4.md,7706,0.9983130028549182,0.9922138593303919,0,8
TRANS,TRANS_20210930003313_DPFU2O3ZBAXH.md,7706,0.9983130028549182,0.9922138593303919,0,8
TRANS,TRANS_20211001002816_ZO3SJG7VBECE.md,7706,0.9983130028549182,0.9922138593303919,0,8
TRANS,TRANS_20211006021754_HPLGISHM37ID.md,7706,0.9983130028549182,0.9922138593303919,0,8
TRANS,TRANS_20211011172633_ASKTB65DE2OG.md,7706,0.9983130028549182,0.9922138593303919,0,8
TRANS,TRANS_20211018205309_3J43SJXHSI3Y.md,7770,0.9983268983268984,0.9922779922779923,0,8
TRANS,TRANS_20211029233317_CAB6DVITL7Y4.md,7770,0.9983268983268984,0.9922779922779923,0,8
TRANS,TRANS_20211101214459_DFBMB5L5IBKF.md,7770,0.9983268983268984,0.9922779922779923,0,8
VI,VI_20191214135456_6XVDWJOSHRFT.md,12878,0.9986022674328312,0.9974374902935238,0,5
VI,VI_20200228222425_MBVGFN5EVJ3T.md,43198,0.9979628686513264,0.9934950692161674,0,5
VI,VI_20200409231434_ISKCP7S5ZL6I.md,43198,0.9979628686513264,0.9934950692161674,0,5
VI,VI_20200425134718_N4A6GTLJL7NB.md,43198,0.9979628686513264,0.9934950692161674,0,5
VI,VI_20200613041050_ECFH6TTCEYAQ.md,43198,0.9979628686513264,0.9934950692161674,0,5
VI,VI_20200628080701_ZED66KA57OQT.md,43198,0.9979628686513264,0.9934950692161674,0,5
VI,VI_20200915070054_TIXGU7VYWCPS.md,43388,0.998063980824191,0.9938923204572693,0,5
VI,VI_20201106201856_PVHJAYBNLXSE.md,43388,0.998063980824191,0.9938923204572693,0,5
VI,VI_20201111003127_Y6E6PD2S7BDU.md,43388,0.998063980824191,0.9938923204572693,0,5
VI,VI_20201111083321_AIN6KBSGSOMA.md,43388,0.998063980824191,0.9938923204572693,0,5
VI,VI_20201113202552_BOB2V3VRBZAS.md,43388,0.998063980824191,0.9938923204572693,0,5
VI,VI_20201119045127_OZ6Z2KV4ZPNP.md,43388,0.998063980824191,0.9938923204572693,0,5
VI,VI_20201119061116_RWHV4PXTXSZS.md,43388,0.998063980824191,0.9938923204572693,0,5
VI,VI_20201130213046_JT2PQMVOO73H.md,43388,0.998063980824191,0.9938923204572693,0,5
VI,VI_20201130213047_V2EJ6YICAFQF.md,43388,0.998063980824191,0.9938923204572693,0,5
VI,VI_20201130213054_IZAOFZYV54LF.md,43388,0.998063980824191,0.9938923204572693,0,5
VI,VI_20201130213150_ENCHMNN6OYYD.md,43388,0.998063980824191,0.9938923204572693,0,5
VI,VI_20201130213841_B3DD5MORQGNO.md,43388,0.998063980824191,0.9938923204572693,0,5
VI,VI_20201130213848_43VIEJ6AQMEM.md,43388,0.998063980824191,0.9938923204572693,0,5
VI,VI_20201210094859_WQ4F7KQMQ4CP.md,43388,0.998063980824191,0.9938923204572693,0,5
VI,VI_20201225151015_HVNW4UWNIUVL.md,43388,0.998063980824191,0.9938923204572693,0,5
VI,VI_20210110204553_UCBGBTBBOC3E.md,43388,0.998063980824191,0.9938923204572693,0,5
VI,VI_20210212221948_MXQW36MG2CWG.md,43388,0.998063980824191,0.9938923204572693,0,5
VI,VI_20210310003736_6DVEO5UTMVYM.md,43388,0.998063980824191,0.9938923204572693,0,5
VI,VI_20210414230435_7HU2TUVLDF3D.md,43388,0.998063980824191,0.9938923204572693,0,5
VI,VI_20210714180945_WL2IN6GJTTAO.md,43388,0.998063980824191,0.9938923204572693,0,5
VI,VI_20210919001256_EYJWPK2QWWJA.md,43843,0.9972173437036699,0.9939100882695071,0,5
VI,VI_20211006072541_7EWOYZR2ESVU.md,43843,0.9972173437036699,0.9939100882695071,0,5
VI,VI_20211006084048_GLW5LYQR67U7.md,43843,0.9972173437036699,0.9939100882695071,0,5
VI,VI_20211121072329_K3YHFYZGULS6.md,43843,0.9972173437036699,0.9939100882695071,0,5
VI,VI_20211219031401_X7IV7VOZQQM5.md,43829,0.9972620867462183,0.9931324009217641,0,5
VI,VI_20220202041349_7ELQJT2NDFAH.md,43829,0.9972620867462183,0.9931324009217641,0,5
VI,VI_20220216091651_43W2ROTNMIP7.md,43829,0.9972620867462183,0.9931324009217641,0,5
VI,VI_20220312121153_IYZ75XRU7B7R.md,43829,0.9972620867462183,0.9931324009217641,0,5
VI,VI_20220314202151_XHSVXACKRP4D.md,43829,0.9972620867462183,0.9931324009217641,0,5
VI,VI_20220328100256_NWUAW6BRRJZU.md,43829,0.9972620867462183,0.9931324009217641,0,5
VI,VI_20220404044701_3TBMM4AH5S4T.md,43829,0.9972620867462183,0.9931324009217641,0,5
VI,VI_20220406130539_7TTWWAY7T6MQ.md,43829,0.9972620867462183,0.9931324009217641,0,5
VI,VI_20220406131117_PF5QXRLU6NDG.md,43829,0.9972620867462183,0.9931324009217641,0,5
VI,VI_20220705030424_D2YXOJCKGHN5.md,28388,0.9981330139495561,0.9928843173171763,0,5
VI,VI_20220721063609_HVVBIAEYJPWS.md,28388,0.9981330139495561,0.9928843173171763,0,5
VI,VI_20220729190147_SXH6APNM2UCK.md,28388,0.9981330139495561,0.9928843173171763,0,5
VI,VI_20220908173555_G3COQ3VNZWDF.md,28429,0.998135706496887,0.9928945794787013,0,5
VI,VI_20220914231202_V3BXF25NFCIV.md,28429,0.998135706496887,0.9928945794787013,0,5
VI,VI_20220919181848_LVUSXJGEHWCJ.md,28429,0.998135706496887,0.9928945794787013,0,5
VI,VI_20220927223933_7GGXXSYEJOZ4.md,28429,0.998135706496887,0.9928945794787013,0,5
VI,VI_20221003231227_VMCPQEHYF36D.md,28429,0.998135706496887,0.9928945794787013,0,5
VI,VI_20221004230540_PUYP3VH4MPE5.md,28429,0.998135706496887,0.9928945794787013,0,5
VI,VI_20221005233252_XVX2IOZ4NP52.md,28429,0.998135706496887,0.9928945794787013,0,5
VI,VI_20221006193342_LSQBZKWMIM75.md,28429,0.998135706496887,0.9928945794787013,0,5
VI,VI_20221008014409_VR2MOI4CVBXD.md,28429,0.998135706496887,0.9928945794787013,0,5
VI,VI_20221010192824_UTX6EXSXC6JU.md,28429,0.998135706496887,0.9928945794787013,0,5
VI,VI_20221013004339_L5JDXCWMJJGK.md,28429,0.998135706496887,0.9928945794787013,0,5
VI,VI_20221013213735_46NKU76CWT3G.md,28429,0.998135706496887,0.9928945794787013,0,5
VI,VI_20221014224401_6DBA6KLO3D3L.md,28429,0.998135706496887,0.9928945794787013,0,5
VI,VI_20221017232934_P4KDEMYA6WFJ.md,28399,0.9980633120884538,0.9928166484735378,0,5
VI,VI_20221021224349_W5GGTBO5CZB7.md,28399,0.9980633120884538,0.9928166484735378,0,5
VI,VI_20221022152333_HWI5YLAGD7RJ.md,28399,0.9980633120884538,0.9928166484735378,0,5
VI,VI_20221022152524_NCQSTH4DHJWL.md,28399,0.9980633120884538,0.9928166484735378,0,5
VI,VI_20221024224314_DK5SVGVS7RYI.md,28399,0.9980633120884538,0.9928166484735378,0,5
VI,VI_20221026000820_WZIUDB5UIYRU.md,28399,0.9980633120884538,0.9928166484735378,0,5
VI,VI_20221028041415_K2JHALTLJ64Z.md,28399,0.9980633120884538,0.9928166484735378,0,5
VI,VI_20221031233116_H57LZJY3EIJ6.md,28399,0.9980633120884538,0.9928166484735378,0,5
VI,VI_20221105000859_ALZMEQ2J6ZJB.md,28399,0.9980633120884538,0.9928166484735378,0,5
VI,VI_20221109003642_IZQHMK75IR7G.md,28399,0.9980633120884538,0.9928166484735378,0,5
VI,VI_20221118024417_BNXU2OPLLCFN.md,28399,0.9980633120884538,0.9928166484735378,0,5
VI,VI_20221123022626_34N62TSP6CBJ.md,28399,0.9980633120884538,0.9928166484735378,0,5
VI,VI_20221126015133_ZHHYMKFJ5WSA.md,28399,0.9980633120884538,0.9928166484735378,0,5
VI,VI_20221127112359_NDGB3E7BE24D.md,28399,0.9980633120884538,0.9928166484735378,0,5
VI,VI_20221129021335_IAUTZDFKIUEJ.md,28399,0.9980633120884538,0.9928166484735378,0,5
VI,VI_20221201004655_EIJJ3ABBL4KY.md,28399,0.9980633120884538,0.9928166484735378,0,5
VI,VI_20221201143506_46SA4HGI4L2U.md,28399,0.9980633120884538,0.9928166484735378,0,5
VI,VI_20221206001145_3STHR5ZQ5A6J.md,28399,0.9980633120884538,0.9928166484735378,0,5
VI,VI_20221208012115_MDJQGL2XGKNK.md,28388,0.9980625616457658,0.992813865013386,0,5
VI,VI_20221209003216_E5Y6RSXI5IRM.md,28388,0.9980625616457658,0.992813865013386,0,5
VI,VI_20221212195334_QLQP3AQ6FQ7B.md,28388,0.9980625616457658,0.992813865013386,0,5
VI,VI_20221214001522_B5GFT3THYXCD.md,28388,0.9980625616457658,0.992813865013386,0,5
VI,VI_20221227233427_CYTLHDG5UCOL.md,28947,0.9980654299236535,0.9922271738003938,0,7
VI,VI_20221228223725_XIUJ7KBBXA4T.md,28947,0.9980654299236535,0.9922271738003938,0,7
VI,VI_20221230005405_APGVFW5C7NRA.md,28947,0.9980654299236535,0.9922271738003938,0,7
VI,VI_20230106095906_UHOPUQP7XXNB.md,28940,0.9980649619903248,0.9922252937111264,0,7
VI,VI_20230111030632_YYH56D7DBNII.md,28955,0.99806596442756,0.9922293213607322,0,7
VI,VI_20230120015103_FXFQ2M3RNPYX.md,28955,0.99806596442756,0.9922293213607322,0,7
VI,VI_20230125235806_DXT44YYYHLKL.md,28955,0.99806596442756,0.9922293213607322,0,7
VI,VI_20230127015755_LRKDWPIIQMKF.md,28955,0.99806596442756,0.9922293213607322,0,7
VI,VI_20230131015805_YD56HS33OQFI.md,28955,0.99806596442756,0.9922293213607322,0,7
VI,VI_20230202234741_HWYF5EOLBGFF.md,28955,0.99806596442756,0.9922293213607322,0,7
VI,VI_20230207004341_EQALLOFQQLJJ.md,28955,0.99806596442756,0.9922293213607322,0,7
VI,VI_20230207230127_UEBM6HFYPIIT.md,28955,0.99806596442756,0.9922293213607322,0,7
VI,VI_20230209220335_YH5QQTRN76UW.md,28955,0.99806596442756,0.9922293213607322,0,7
VI,VI_20230223005254_QOABEK2MNBAE.md,28899,0.9980622166856985,0.9922142634693242,0,7
VI,VI_20230224005703_HV6DBNSOTKC5.md,28928,0.9980641592920354,0.9922220685840708,0,7
VI,VI_20230225085110_LHD2UYHBOUOA.md,28928,0.9980641592920354,0.9922220685840708,0,7
VI,VI_20230228003234_SPKZRQUKCURB.md,28928,0.9980641592920354,0.9922220685840708,0,7
VI,VI_20230228220842_23FGRUGV3QFR.md,28928,0.9980641592920354,0.9922220685840708,0,7
VI,VI_20230302140317_VQ7IGTKB32BA.md,28955,0.99806596442756,0.9922293213607322,0,7
VI,VI_20230314002541_25J3XOBS7BAH.md,28899,0.9980622166856985,0.9922142634693242,0,7
VI,VI_20230315165352_CYRO6XHAHXJZ.md,28899,0.9980622166856985,0.9922142634693242,0,7
VI,VI_20230317003137_SELUIQ6P6KS3.md,28899,0.9980622166856985,0.9922142634693242,0,7
VI,VI_20230317140418_UILXKYX3K3E7.md,28928,0.9980641592920354,0.9922220685840708,0,7
VI,VI_20230331150155_BNUF6D5HUQI2.md,28899,0.9980622166856985,0.9922142634693242,0,7
VI,VI_20230516201943_BG3WOGETTPCI.md,13232,0.9981106408706167,0.9935006045949214,0,7
VI,VI_20230518220325_7DK7IQ2ISDEX.md,28969,0.9980668990990369,0.9922330767372018,0,7
VI,VI_20230527085722_QN5QXY5K4T7B.md,28969,0.9980668990990369,0.9922330767372018,0,7
VI,VI_20230602222047_NAJ5WYQHEZ4B.md,28969,0.9980668990990369,0.9922330767372018,0,7
VI,VI_20230604232532_QL4ZZRFR7GC7.md,28969,0.9980668990990369,0.9922330767372018,0,7
VI,VI_20230605202522_SG3VT2MKUJ3O.md,28969,0.9980668990990369,0.9922330767372018,0,7
VI,VI_20230614162124_KN2YONYZDILB.md,28942,0.9980650957086586,0.9922258309722894,0,7
VI,VI_20230621082102_SQUBZCZ7ZABX.md,28969,0.9980668990990369,0.9922330767372018,0,7
VI,VI_20230623203942_GAOSYYXBU53N.md,28969,0.9980668990990369,0.9922330767372018,0,7
VI,VI_20230704233504_LQPWO67CLCLM.md,28969,0.9980668990990369,0.9922330767372018,0,7
VI,VI_20230706150221_FT6D4GMKVWV4.md,28964,0.9980665653915205,0.9922317359480735,0,7
VI,VI_20230706152012_QHDA5QM5UYR6.md,28964,0.9980665653915205,0.9922317359480735,0,7
VI,VI_20230706191354_IV55EKIHS43P.md,28969,0.9980668990990369,0.9922330767372018,0,7
VI,VI_20230708185907_5EQST72T7IDR.md,28969,0.9980668990990369,0.9922330767372018,0,7
VI,VI_20230711002559_BTFS77TIBLT2.md,28969,0.9980668990990369,0.9922330767372018,0,7
VI,VI_20230714075742_GJW5H657YXVW.md,28969,0.9980668990990369,0.9922330767372018,0,7
VI,VI_20230715102808_UC23AGOLUEOU.md,29011,0.9980696977008721,0.9922443211195753,0,7
VI,VI_20230715104536_DLL6UFRNBS3M.md,29016,0.9980700303280948,0.9922456575682382,0,7
VI,VI_20230718091103_QTXTF7FJYWZ3.md,28969,0.9980668990990369,0.9922330767372018,0,7
VI,VI_20230719233453_E2KRPCR3Z5I7.md,28969,0.9980668990990369,0.9922330767372018,0,7
VI,VI_20230726173532_IGLKLKP3ZJKU.md,28969,0.9980668990990369,0.9922330767372018,0,7
VI,VI_20230801013045_3I7OOQDD2V5W.md,28969,0.9980668990990369,0.9922330767372018,0,7
VI,VI_20230805051605_UXWGTHKQGVXM.md,28976,0.9980673660960795,0.9922349530646052,0,7
VI,VI_20230807180948_57N6JU4XAPGF.md,28976,0.9980673660960795,0.9922349530646052,0,7
VI,VI_20230808004408_JVF2H5B35NRF.md,28976,0.9980673660960795,0.9922349530646052,0,7
VI,VI_20230808074801_IOP324U5SXFH.md,28976,0.9980673660960795,0.9922349530646052,0,7
VI,VI_20230810100103_QQCQCEU2VWQW.md,28976,0.9980673660960795,0.9922349530646052,0,7
VI,VI_20230815190259_BK4DYUCDCPRC.md,28920,0.9980636237897649,0.9922199170124482,0,7
VI,VI_20230816163037_BE5YJMONMD2K.md,28920,0.9980636237897649,0.9922199170124482,0,7
VI,VI_20230821040637_AG3BMWOJ44JI.md,28920,0.9980636237897649,0.9922199170124482,0,7
VI,VI_20230822034431_O5RVYLCPI7W4.md,28920,0.9980636237897649,0.9922199170124482,0,7
VI,VI_20230823011414_7UUZFRWHEB5A.md,28920,0.9980636237897649,0.9922199170124482,0,7
VI,VI_20230823220348_6DHMPGR5WOMB.md,28920,0.9980636237897649,0.9922199170124482,0,7
VI,VI_20230828224748_TPJIHGIXOFHK.md,28920,0.9980636237897649,0.9922199170124482,0,7
VI,VI_20230829045204_WGITZNNGHUWN.md,28920,0.9980636237897649,0.9922199170124482,0,7
VI,VI_20231001123951_ZWE3B6FKZUAS.md,28920,0.9980636237897649,0.9922199170124482,0,7
VI,VI_20231002170744_4NIJG2CD4VPM.md,28920,0.9980636237897649,0.9922199170124482,0,7
VI,VI_20231003234951_HZCJRPJGHX43.md,28920,0.9980636237897649,0.9922199170124482,0,7
VI,VI_20231008000628_M6W3MAFMCC6L.md,28920,0.9980636237897649,0.9922199170124482,0,7
VI,VI_20231020074452_VIU72Y736XAQ.md,28920,0.9980636237897649,0.9922199170124482,0,7
VI,VI_20231026155527_OQ2QO62DNIZO.md,28920,0.9980636237897649,0.9922199170124482,0,7
VI,VI_20231110235336_EOYJWONL54L2.md,28920,0.9980636237897649,0.9922199170124482,0,7
VI,VI_20231113015837_63HNKAWVESEU.md,28920,0.9980636237897649,0.9922199170124482,0,7
VI,VI_20231129181337_7Z43ARHGHECK.md,28935,0.9980646276136167,0.9922239502332815,0,7
VI,VI_20231210085522_WTVKJFZYPRZE.md,28935,0.9980646276136167,0.9922239502332815,0,7
VI,VI_20231215172343_QS5WKRPMP4G4.md,28935,0.9980646276136167,0.9922239502332815,0,7
VI,VI_20240105123627_OFQIDRXKOATM.md,28935,0.9980646276136167,0.9922239502332815,0,7
VI,VI_20240121073632_3LX6J4LRC7TA.md,28935,0.9980646276136167,0.9922239502332815,0,7
VI,VI_20240123030856_WWHQZST6D37Y.md,28935,0.9980646276136167,0.9922239502332815,0,7
VI,VI_20240314130117_5VIBUSQLVTRQ.md,28935,0.9980646276136167,0.9922239502332815,0,7
VI,VI_20240315094142_F7RFAFYQUNG5.md,4712,0.9225382003395586,0.8089983022071308,0,0
VI,VI_20240315100759_HYOAV2M3U3KZ.md,5813,0.9127816961981765,0.8083605711336659,0,0
VI,VI_20240315231606_56QXUYBWYU2F.md,28935,0.9980646276136167,0.9922239502332815,0,7
VI,VI_20240425005111_5KQILQDBBPDQ.md,6730,0.9210995542347696,0.8075780089153046,0,1
VI,VI_20240506151203_OBTJYNMKHSHZ.md,6730,0.9210995542347696,0.8075780089153046,0,1
VI,VI_20240517102541_5XZ3BMI3NMDE.md,28935,0.9980646276136167,0.9922239502332815,0,7
VI,VI_20240517131719_WDPJKGZGAAEO.md,28935,0.9980646276136167,0.9922239502332815,0,7
VI,VI_20240603174945_SNA6IFXT24AJ.md,28930,0.9980642931213274,0.9922226062910473,0,7
VI,VI_20240703192912_FGBQJUS4T4DL.md,28975,0.9980672993960311,0.9922346850733391,0,7
VI,VI_20240703211422_MIUV7LZIZTN5.md,28975,0.9980672993960311,0.9922346850733391,0,7
VI,VI_20240704001654_7IH4YHES56RQ.md,28975,0.9980672993960311,0.9922346850733391,0,7
VI,VI_20240710032917_VYJZ2ZMEVAFZ.md,28975,0.9980672993960311,0.9922346850733391,0,7
VI,VI_20240718135623_NLK7EBTW7OVR.md,28975,0.9980672993960311,0.9922346850733391,0,7
VI,VI_20240719212249_YDOGVVVU4EBU.md,28975,0.9980672993960311,0.9922346850733391,0,7
VI,VI_20240725112934_JZHK7FMWJ4WY.md,28975,0.9980672993960311,0.9922346850733391,0,7
VI,VI_20240821114615_PND5SLLFK344.md,28975,0.9980672993960311,0.9922346850733391,0,7
VI,VI_20240821224338_FJP2AFA76LUE.md,28975,0.9980672993960311,0.9922346850733391,0,7
VI,VI_20240823060913_6HISXCVQDDTH.md,28975,0.9980672993960311,0.9922346850733391,0,7
VI,VI_20240910153751_QA2PLA25PF7E.md,28975,0.9980672993960311,0.9922346850733391,0,7
VI,VI_20240910232144_CBJ6DQER337P.md,28975,0.9980672993960311,0.9922346850733391,0,7
VI,VI_20240911175210_62EKFOYXQK4G.md,28975,0.9980672993960311,0.9922346850733391,0,7
VI,VI_20240914115027_4RVZEDW4YSDB.md,28904,0.9980625518959314,0.9922156102961528,0,7
VI,VI_20240915162403_JQ5DRJB5C2BV.md,12840,0.9989096573208722,0.9935358255451714,0,7
VI,VI_20240915162722_V3NDSH4K6DFB.md,28904,0.9980625518959314,0.9922156102961528,0,7
VI,VI_20240918195335_PT6TNBX2G3TE.md,28904,0.9980625518959314,0.9922156102961528,0,7
VI,VI_20240920105148_Y4QFRYXDI3XW.md,28904,0.9980625518959314,0.9922156102961528,0,7
VI,VI_20240929105944_PUUMO23O3VQY.md,28904,0.9980625518959314,0.9922156102961528,0,7
VI,VI_20241001185136_7C5MWOYV5DPI.md,28904,0.9980625518959314,0.9922156102961528,0,7
VI,VI_20241003205724_QNYSWWEB2SDW.md,28904,0.9980625518959314,0.9922156102961528,0,7
VI,VI_20241115060001_FIPKMIFTSCBL.md,28904,0.9980625518959314,0.9922156102961528,0,7
VI,VI_20241115153803_HCYJZSVRHE5K.md,28904,0.9980625518959314,0.9922156102961528,0,7
VI,VI_20241127010037_SPLA2FAKAPYX.md,28905,0.9980626189240616,0.9922158796056045,0,7
VI,VI_20241127134400_4C3F22AO4YMI.md,28905,0.9980626189240616,0.9922158796056045,0,7
VI,VI_20241128000648_C4FZWSV3ZOOB.md,28905,0.9980626189240616,0.9922158796056045,0,7
VI,VI_20241130020022_ZRLX6KLWBEB7.md,28905,0.9980626189240616,0.9922158796056045,0,7
VI,VI_20241203040619_P4BDFGZ6BBFN.md,28905,0.9980626189240616,0.9922158796056045,0,7
VI,VI_20241203064750_LNAALACADFVY.md,12840,0.9989096573208722,0.9935358255451714,0,7
VI,VI_20241204130142_OHULMTU24ZYE.md,28905,0.9980626189240616,0.9922158796056045,0,7
VI,VI_20241206081832_UUMWVHQPL23L.md,28905,0.9980626189240616,0.9922158796056045,0,7
VI,VI_20241207052646_XMY2MTGTETAE.md,28905,0.9980626189240616,0.9922158796056045,0,7
VI,VI_20241211183430_FHP67YXR3KAE.md,12841,0.9989097422319134,0.9935363289463437,0,7
VI,VI_20241211221830_K3MZBGFNNPFX.md,28905,0.9980626189240616,0.9922158796056045,0,7
VI,VI_20241213033404_WXQ5DGV7BQVD.md,28905,0.9980626189240616,0.9922158796056045,0,7
VI,VI_20241214045143_QSU32HU2F54I.md,28905,0.9980626189240616,0.9922158796056045,0,7
VI,VI_20241218222003_RO23MUAHZODL.md,28905,0.9980626189240616,0.9922158796056045,0,7
VI,VI_20241220014404_LGH6VGLCRF3Y.md,28905,0.9980626189240616,0.9922158796056045,0,7
VI,VI_20241221043440_A3COE6TILVGM.md,28905,0.9980626189240616,0.9922158796056045,0,7
VI,VI_20241223015014_7ZYXKP3O2EVK.md,28905,0.9980626189240616,0.9922158796056045,0,7
VI,VI_20241225011656_AOKGMAPNW3AL.md,28905,0.9980626189240616,0.9922158796056045,0,7
VI,VI_20241226223640_6LQASL6A62I5.md,28921,0.9980636907437502,0.9922201860239964,0,7
VI,VI_20241226233304_Q22EG34JRU7N.md,28921,0.9980636907437502,0.9922201860239964,0,7
VI,VI_20241231022250_4BJSWZGTLFOX.md,28921,0.9980636907437502,0.9922201860239964,0,7
VI,VI_20241231043043_DQENFM7B2QTY.md,28921,0.9980636907437502,0.9922201860239964,0,7
VI,VI_20250101034537_ILYTF3U5T56D.md,28921,0.9980636907437502,0.9922201860239964,0,7
VI,VI_20250103003429_Q5CU3OTTGBRD.md,28921,0.9980636907437502,0.9922201860239964,0,7
VI,VI_20250103034819_55KSHFHDLQOM.md,28921,0.9980636907437502,0.9922201860239964,0,7
VI,VI_20250104073910_AJSCMS4UFBK4.md,28921,0.9980636907437502,0.9922201860239964,0,7
VI,VI_20250105172647_QIQJUJZJT5AI.md,28921,0.9980636907437502,0.9922201860239964,0,7
VI,VI_20250107013109_V3HB72TNIRQY.md,28921,0.9980636907437502,0.9922201860239964,0,7
VI,VI_20250107050611_XAFABDCICKQF.md,28921,0.9980636907437502,0.9922201860239964,0,7
VI,VI_20250108205940_ZL56MAX2APWG.md,28921,0.9980636907437502,0.9922201860239964,0,7
VI,VI_20250113095202_NTJTHQB5PNBG.md,28921,0.9980636907437502,0.9922201860239964,0,7
VI,VI_20250114230543_K7IDT5LC6EFP.md,28921,0.9980636907437502,0.9922201860239964,0,7
VI,VI_20250116113646_H46P6ABB3JRV.md,28921,0.9980636907437502,0.9922201860239964,0,7
VI,VI_20250116164942_C2E7AQ242P5Q.md,12359,0.9989481349623756,0.9949834128974836,0,7
VI,VI_20250117224722_JQCE7CYBLPTO.md,28921,0.9980636907437502,0.9922201860239964,0,7
VI,VI_20250120220806_BDVFVXCAID7U.md,28921,0.9980636907437502,0.9922201860239964,0,7
VI,VI_20250121152329_DLRPHXH3Y3XT.md,28921,0.9980636907437502,0.9922201860239964,0,7
VI,VI_20250121215444_E3MEGNPKD4PF.md,28921,0.9980636907437502,0.9922201860239964,0,7
VI,VI_20250122161511_O3XU7VBJM56U.md,28921,0.9980636907437502,0.9922201860239964,0,7
VI,VI_20250123054355_MPQ4TIEYLHQQ.md,28921,0.9980636907437502,0.9922201860239964,0,7
VI,VI_20250123070743_U3SCP6P2LGMS.md,28921,0.9980636907437502,0.9922201860239964,0,7
VI,VI_20250123155431_JNXEJLXRDGNP.md,12857,0.9989110990122112,0.9935443727152524,0,7
VI,VI_20250124085933_RJWMW6YSIL6Y.md,28921,0.9980636907437502,0.9922201860239964,0,7
VI,VI_20250124151230_CJ3RCE3LUPHV.md,28921,0.9980636907437502,0.9922201860239964,0,7
VI,VI_20250124222419_34GRMVK5K7BT.md,28921,0.9980636907437502,0.9922201860239964,0,7
VI,VI_20250126020009_JW35BYTFC3JJ.md,28921,0.9980636907437502,0.9922201860239964,0,7
VI,VI_20250127172624_KXABNVXYZSR7.md,28921,0.9980636907437502,0.9922201860239964,0,7
VI,VI_20250128003050_IGE5Y4HV65ZL.md,28921,0.9980636907437502,0.9922201860239964,0,7
VI,VI_20250128021432_Y5A6KVJPOZ4A.md,28921,0.9980636907437502,0.9922201860239964,0,7
VI,VI_20250128201322_RL4LJCGLMTUX.md,28921,0.9980636907437502,0.9922201860239964,0,7
VI,VI_20250129052307_7GYKNZ3WRQK6.md,28921,0.9980636907437502,0.9922201860239964,0,7
VI,VI_20250129172107_BRF3QEEQB4Q6.md,28921,0.9980636907437502,0.9922201860239964,0,7
VI,VI_20250131213511_JMX7MFPBCSIA.md,28921,0.9980636907437502,0.9922201860239964,0,7
VI,VI_20250201014511_T3WQEMODLHJZ.md,28921,0.9980636907437502,0.9922201860239964,0,7
VI,VI_20250201054305_MS23T6BSMJCD.md,28921,0.9980636907437502,0.9922201860239964,0,7
VI,VI_20250204094513_HZI64MBIOCPV.md,28921,0.9980636907437502,0.9922201860239964,0,7
VI,VI_20250204140618_W45QBHZYIK7I.md,28921,0.9980636907437502,0.9922201860239964,0,7
VI,VI_20250204202643_TL2SQYCYZWMS.md,28921,0.9980636907437502,0.9922201860239964,0,7
VI,VI_20250204232532_QFCCCEBFVCWE.md,28921,0.9980636907437502,0.9922201860239964,0,7
VI,VI_20250206022801_SKBK4C3REBMS.md,28921,0.9980636907437502,0.9922201860239964,0,7
VI,VI_20250207090752_VXLAQXRQLC6X.md,28941,0.9980650288518019,0.9922255623509899,0,7
VI,VI_20250214050245_7TJL3B4ZVKZV.md,28941,0.9980650288518019,0.9922255623509899,0,7
VI,VI_20250214112232_T7DL65ZZTKLF.md,28941,0.9980650288518019,0.9922255623509899,0,7
VI,VI_20250214135744_NH5LCKD2ZDHA.md,28941,0.9980650288518019,0.9922255623509899,0,7
VI,VI_20250215033722_CGZCEGW6RJQW.md,28941,0.9980650288518019,0.9922255623509899,0,7
VI,VI_20250222105910_SQ67GKMS5MOM.md,28941,0.9980650288518019,0.9922255623509899,0,7
VI,VI_20250222110418_MWFQAL7DSUNY.md,28941,0.9980650288518019,0.9922255623509899,0,7
VI,VI_20250222165014_OHUSVE7DPVWR.md,28941,0.9980650288518019,0.9922255623509899,0,7
VI,VI_20250224190514_JXIKKDXVGP5O.md,28941,0.9980650288518019,0.9922255623509899,0,7
VI,VI_20250225014508_G26PE6J7NL53.md,28941,0.9980650288518019,0.9922255623509899,0,7
VI,VI_20250225103814_7ZWXTB2D44TR.md,28941,0.9980650288518019,0.9922255623509899,0,7
VI,VI_20250328093516_GHZJHCK236GI.md,12857,0.9989110990122112,0.9935443727152524,0,7
VI,VI_20250328164634_UR3ZRT5WLF37.md,28921,0.9980636907437502,0.9922201860239964,0,7
VI,VI_20250404202928_OGH4NMVY46BY.md,28921,0.9980636907437502,0.9922201860239964,0,7
VI,VI_20250418083928_VTATR74QYF3A.md,28921,0.9980636907437502,0.9922201860239964,0,7
VI,VI_20250422032805_U4M2MOC4KD7U.md,28921,0.9980636907437502,0.9922201860239964,0,7
VI,VI_20250501073158_57BE7NUG4UGK.md,28910,0.9980629539951574,0.9922172258734002,0,7
VI,VI_20250501073701_NFXDRF2H35FN.md,28910,0.9980629539951574,0.9922172258734002,0,7
VI,VI_20250501073937_R5RMBOAXKUVS.md,28920,0.9980636237897649,0.9922199170124482,0,7
VI,VI_20250501080529_W6DQWP2UAJ7U.md,28920,0.9980636237897649,0.9922199170124482,0,7
VI,VI_20250501083353_6MFYG564OPWD.md,28910,0.9980629539951574,0.9922172258734002,0,7
VI,VI_20250501084402_CM3NSD5BAKET.md,28910,0.9980629539951574,0.9922172258734002,0,7
VI,VI_20250730103603_SHG4ENSNQSHL.md,17199,0.9990115704401419,0.9925577068434212,0,7
VI,VI_20250823005641_G3POGPFHONJO.md,7906,0.9201871995952441,0.8138122944599039,0,1
VI,VI_20250904074437_I3TTU2RSHNCI.md,22313,0.9991036615425984,0.9955631246358625,0,7
VI,VI_20251027094329_RJ3VCAZ4PQHQ.md,17126,0.9990073572346141,0.9925259838841527,0,7
VI,VI_20251112141210_7B7JGYHY4BFG.md,17126,0.9990073572346141,0.9925259838841527,0,7
